<?xml version="1.0" encoding="UTF-8"?>
<collectionReaderDescription xmlns="http://uima.apache.org/resourceSpecifier">
  <frameworkImplementation>org.apache.uima.java</frameworkImplementation>
  <implementationName>QuestionPassageReader</implementationName>
  <processingResourceMetaData>
    <name>CollectionReader</name>
    <description>Works with QuestionPassageReader.java to read info from files.</description>
    <version/>
    <vendor/>
    <configurationParameters searchStrategy="language_fallback">
      <configurationParameter>
        <name>inputDir</name>
        <description>The directory from which to read input files</description>
        <type>String</type>
        <multiValued>false</multiValued>
        <mandatory>false</mandatory>
      </configurationParameter>
    </configurationParameters>
    <configurationParameterSettings>
      <nameValuePair>
        <name>inputDir</name>
        <value>
          <string>src/main/resources/inputData</string>
        </value>
      </nameValuePair>
    </configurationParameterSettings>
    
    <!-- Type System of CASes returned by this Collection Reader -->
    
    <typeSystemDescription>
      <imports>
        <import location="typeSystem.xml"/>
      </imports>
    </typeSystemDescription>
    
    <fsIndexCollection/>
    <capabilities>
      <capability>
        <inputs/>
        <outputs/>
      <languagesSupported/>
      </capability>
    </capabilities>
    <operationalProperties>
      <modifiesCas>true</modifiesCas>
      <multipleDeploymentAllowed>false</multipleDeploymentAllowed>
      <outputsNewCASes>true</outputsNewCASes>
    </operationalProperties>
  </processingResourceMetaData>
<resourceManagerConfiguration/>
</collectionReaderDescription>
