question_id,Rank1,Rank2,Rank3,Rank4,Rank5,Etc.
2306,false/0.5714285714285714,false/0.5714285714285714,false/0.5714285714285714,false/0.5714285714285714,false/0.5714285714285714,false/0.5714285714285714,false/0.5714285714285714,false/0.42857142857142855,false/0.42857142857142855,false/0.42857142857142855,true/0.42857142857142855,false/0.2857142857142857,true/0.2857142857142857
2303,false/0.8888888888888888,true/0.7777777777777778,true/0.7777777777777778,true/0.7777777777777778,false/0.6666666666666666,true/0.6666666666666666,false/0.6666666666666666,false/0.6666666666666666,false/0.5555555555555556,false/0.5555555555555556,false/0.5555555555555556,false/0.3333333333333333,false/0.3333333333333333,false/0.2222222222222222
2301,true/0.6666666666666666,true/0.5,true/0.5,true/0.5,true/0.5,false/0.3333333333333333,false/0.3333333333333333,false/0.3333333333333333,true/0.3333333333333333,false/0.16666666666666666,false/0.16666666666666666
2309,false/0.7142857142857143,false/0.5714285714285714,false/0.42857142857142855,false/0.42857142857142855,false/0.42857142857142855,false/0.2857142857142857,false/0.2857142857142857,false/0.2857142857142857,true/0.14285714285714285,false/0.14285714285714285,false/0.14285714285714285,false/0.14285714285714285
2320,false/0.7142857142857143,false/0.5714285714285714,true/0.5714285714285714,false/0.5714285714285714,false/0.42857142857142855,false/0.42857142857142855,false/0.42857142857142855,false/0.2857142857142857,false/0.2857142857142857,false/0.2857142857142857,false/0.14285714285714285,false/0.14285714285714285
2316,false/0.75,true/0.625,false/0.5,true/0.5,false/0.5,true/0.5,false/0.5,true/0.5,true/0.5,true/0.375,false/0.375,false/0.375,true/0.25
2313,false/0.5714285714285714,false/0.42857142857142855,false/0.2857142857142857,false/0.2857142857142857,false/0.2857142857142857,false/0.14285714285714285,true/0.14285714285714285,false/0.14285714285714285,false/0.0
2311,false/0.5555555555555556,false/0.4444444444444444,false/0.3333333333333333,false/0.3333333333333333,false/0.3333333333333333,false/0.2222222222222222,false/0.2222222222222222,false/0.2222222222222222,false/0.2222222222222222,false/0.2222222222222222,false/0.2222222222222222
2319,true/0.5,true/0.4375,false/0.4375,false/0.25,false/0.25,true/0.25,true/0.25,false/0.1875,false/0.125
2210,false/0.7142857142857143,true/0.5714285714285714,true/0.42857142857142855,false/0.2857142857142857,false/0.2857142857142857,false/0.2857142857142857,false/0.2857142857142857,false/0.2857142857142857,true/0.2857142857142857,true/0.2857142857142857,false/0.14285714285714285,false/0.14285714285714285,false/0.14285714285714285
2330,true/0.5,false/0.4,true/0.4,false/0.3,true/0.3,true/0.3,false/0.3,false/0.2,true/0.2,false/0.1,false/0.1,false/0.1,false/0.1
2206,false/0.5714285714285714,false/0.5714285714285714,false/0.42857142857142855,false/0.2857142857142857,false/0.2857142857142857,false/0.2857142857142857,false/0.2857142857142857,false/0.2857142857142857,false/0.14285714285714285,false/0.14285714285714285,false/0.0
2326,false/0.5833333333333334,false/0.5,false/0.5,false/0.5,true/0.4166666666666667,true/0.4166666666666667,false/0.4166666666666667,false/0.25,true/0.25,false/0.25,false/0.25,false/0.25,false/0.25,false/0.16666666666666666,false/0.08333333333333333
2325,false/0.5,false/0.3333333333333333,false/0.3333333333333333,false/0.16666666666666666,false/0.16666666666666666,false/0.16666666666666666,false/0.16666666666666666,false/0.16666666666666666,false/0.16666666666666666,false/0.16666666666666666
2323,false/0.5555555555555556,false/0.4444444444444444,false/0.4444444444444444,false/0.3333333333333333,false/0.3333333333333333,false/0.2222222222222222,false/0.2222222222222222,false/0.1111111111111111,false/0.1111111111111111,false/0.1111111111111111
2209,false/0.46153846153846156,false/0.46153846153846156,false/0.38461538461538464,false/0.38461538461538464,false/0.3076923076923077,false/0.23076923076923078,false/0.15384615384615385,false/0.15384615384615385
2100,false/0.5,false/0.375,false/0.375,false/0.375,false/0.375,true/0.375,false/0.25,false/0.125,false/0.125,false/0.125
2220,false/0.6666666666666666,false/0.4444444444444444,false/0.4444444444444444,false/0.4444444444444444,false/0.3333333333333333,false/0.3333333333333333,false/0.3333333333333333,false/0.2222222222222222,false/0.2222222222222222,false/0.2222222222222222,false/0.2222222222222222,false/0.1111111111111111
2340,true/0.6,true/0.5,true/0.4,false/0.4,false/0.4,false/0.3,false/0.3,false/0.3,true/0.3,true/0.3,false/0.2,false/0.2,false/0.2
2339,false/0.5714285714285714,false/0.5714285714285714,true/0.5714285714285714,false/0.5714285714285714,false/0.5714285714285714,false/0.5714285714285714,false/0.5714285714285714,false/0.5714285714285714,false/0.5714285714285714,false/0.5714285714285714,true/0.5714285714285714,false/0.42857142857142855,false/0.42857142857142855,false/0.42857142857142855,false/0.14285714285714285
2338,true/0.8333333333333334,false/0.6666666666666666,false/0.6666666666666666,false/0.6666666666666666,false/0.5,false/0.5,false/0.5,false/0.5,false/0.5,false/0.5,false/0.5,false/0.3333333333333333,false/0.3333333333333333,false/0.3333333333333333,false/0.3333333333333333
2337,false/0.6666666666666666,false/0.5,false/0.5,false/0.5,true/0.5,true/0.5,false/0.3333333333333333,false/0.3333333333333333,false/0.3333333333333333,false/0.3333333333333333,false/0.16666666666666666,false/0.0
2336,false/0.5555555555555556,false/0.4444444444444444,false/0.4444444444444444,false/0.4444444444444444,false/0.3333333333333333,false/0.3333333333333333,true/0.3333333333333333,true/0.3333333333333333,true/0.3333333333333333,false/0.3333333333333333,false/0.2222222222222222,false/0.1111111111111111
2335,true/0.5,true/0.5,false/0.3333333333333333,false/0.3333333333333333,false/0.3333333333333333,false/0.3333333333333333,false/0.16666666666666666,false/0.16666666666666666,false/0.16666666666666666,true/0.16666666666666666,false/0.0,false/0.0
2334,true/0.5454545454545454,true/0.5454545454545454,true/0.5454545454545454,true/0.5454545454545454,true/0.45454545454545453,true/0.36363636363636365,false/0.36363636363636365,false/0.36363636363636365,false/0.2727272727272727,false/0.2727272727272727,false/0.2727272727272727
2333,false/0.5384615384615384,false/0.46153846153846156,false/0.46153846153846156,false/0.46153846153846156,false/0.46153846153846156,false/0.46153846153846156,false/0.46153846153846156,false/0.38461538461538464,false/0.3076923076923077,false/0.23076923076923078,false/0.23076923076923078,false/0.23076923076923078,false/0.15384615384615385
2219,false/0.5,false/0.5,false/0.5,false/0.5,false/0.5,false/0.5,false/0.5,true/0.5,false/0.5,true/0.3333333333333333,true/0.3333333333333333,false/0.16666666666666666,false/0.16666666666666666,false/0.16666666666666666,false/0.16666666666666666
2232,true/0.47058823529411764,true/0.47058823529411764,false/0.47058823529411764,false/0.47058823529411764,true/0.47058823529411764,false/0.4117647058823529,false/0.35294117647058826,false/0.35294117647058826,false/0.29411764705882354,false/0.23529411764705882,false/0.23529411764705882,false/0.17647058823529413,false/0.058823529411764705
2110,false/0.5714285714285714,false/0.2857142857142857,false/0.2857142857142857,false/0.2857142857142857,false/0.2857142857142857,false/0.2857142857142857,false/0.2857142857142857,false/0.14285714285714285,false/0.14285714285714285,true/0.14285714285714285,false/0.0
2352,true/0.7142857142857143,true/0.7142857142857143,true/0.7142857142857143,false/0.5714285714285714,true/0.5714285714285714,false/0.5714285714285714,false/0.5714285714285714,false/0.5714285714285714,true/0.5714285714285714,true/0.5714285714285714,false/0.42857142857142855,false/0.42857142857142855,false/0.2857142857142857
2351,false/0.7272727272727273,true/0.5454545454545454,true/0.45454545454545453,false/0.36363636363636365,false/0.18181818181818182,false/0.18181818181818182,false/0.18181818181818182,false/0.18181818181818182
2107,false/0.8571428571428571,false/0.7142857142857143,true/0.7142857142857143,false/0.5714285714285714,false/0.5714285714285714,true/0.5714285714285714,false/0.5714285714285714,false/0.5714285714285714,false/0.5714285714285714,false/0.42857142857142855,false/0.42857142857142855,false/0.42857142857142855,true/0.42857142857142855,false/0.2857142857142857,false/0.0
2106,true/0.6666666666666666,true/0.6666666666666666,false/0.5,true/0.5,true/0.3333333333333333,false/0.3333333333333333,true/0.3333333333333333,false/0.16666666666666666,false/0.16666666666666666,false/0.16666666666666666,false/0.16666666666666666,true/0.16666666666666666,false/0.16666666666666666,false/0.16666666666666666,false/0.0
2105,true/0.5714285714285714,true/0.5714285714285714,true/0.42857142857142855,false/0.42857142857142855,true/0.42857142857142855,true/0.42857142857142855,true/0.42857142857142855,false/0.42857142857142855,true/0.42857142857142855,false/0.42857142857142855,true/0.2857142857142857,true/0.2857142857142857,true/0.2857142857142857,true/0.0
2347,true/0.8,true/0.8,false/0.6,true/0.6,false/0.6,false/0.6,true/0.4,true/0.4,false/0.4,false/0.4,false/0.2,false/0.2,false/0.2
2225,false/0.5,false/0.5,true/0.5,true/0.5,true/0.4166666666666667,true/0.4166666666666667,true/0.4166666666666667,true/0.4166666666666667,false/0.3333333333333333,false/0.3333333333333333,false/0.25,false/0.25,true/0.16666666666666666
2102,true/0.5,true/0.5,true/0.5,false/0.375,false/0.375,false/0.25,true/0.25,false/0.25,false/0.125,false/0.125,false/0.125,false/0.125,false/0.0,false/0.0
2344,false/0.625,false/0.625,false/0.625,false/0.5,false/0.5,false/0.5,false/0.5,true/0.5,true/0.5,false/0.5,false/0.5,false/0.375,false/0.25,false/0.25,false/0.25,false/0.125,false/0.125
2343,false/0.5,false/0.5,false/0.5,false/0.25,false/0.25,false/0.25,false/0.125,false/0.125,false/0.125
2001,true/0.4444444444444444,false/0.4444444444444444,true/0.4444444444444444,true/0.4444444444444444,false/0.3333333333333333,false/0.2222222222222222,false/0.2222222222222222,false/0.2222222222222222,false/0.1111111111111111,false/0.1111111111111111,false/0.1111111111111111,false/0.1111111111111111,false/0.0
2364,false/0.7777777777777778,false/0.5555555555555556,false/0.4444444444444444,false/0.4444444444444444,true/0.4444444444444444,false/0.4444444444444444,true/0.4444444444444444,false/0.4444444444444444,true/0.3333333333333333,false/0.3333333333333333,false/0.3333333333333333,false/0.1111111111111111
2121,false/0.6153846153846154,false/0.46153846153846156,false/0.46153846153846156,false/0.38461538461538464,true/0.38461538461538464,false/0.38461538461538464,false/0.3076923076923077,false/0.3076923076923077,false/0.07692307692307693
2120,false/0.75,false/0.5,false/0.5,false/0.5,false/0.375,false/0.375,false/0.375,false/0.375,false/0.375,false/0.25,false/0.25,true/0.25,false/0.125
2362,false/0.8333333333333334,false/0.6666666666666666,true/0.5,false/0.3333333333333333,true/0.3333333333333333,true/0.3333333333333333,false/0.3333333333333333,true/0.3333333333333333,false/0.16666666666666666,false/0.16666666666666666,false/0.16666666666666666,false/0.16666666666666666,true/0.16666666666666666,false/0.0,false/0.0
2361,false/0.6363636363636364,false/0.6363636363636364,false/0.6363636363636364,false/0.6363636363636364,false/0.5454545454545454,false/0.45454545454545453,false/0.36363636363636365,false/0.2727272727272727,false/0.2727272727272727,false/0.2727272727272727,false/0.18181818181818182,false/0.18181818181818182,false/0.09090909090909091
2119,false/0.5,true/0.3333333333333333,true/0.3333333333333333,false/0.3333333333333333,true/0.3333333333333333,true/0.3333333333333333,false/0.3333333333333333,false/0.16666666666666666,false/0.16666666666666666,false/0.0,false/0.0
2239,false/0.7142857142857143,false/0.5714285714285714,true/0.5714285714285714,true/0.5714285714285714,false/0.5714285714285714,true/0.5714285714285714,true/0.5714285714285714,false/0.42857142857142855,false/0.2857142857142857,false/0.2857142857142857,true/0.2857142857142857,false/0.2857142857142857,true/0.2857142857142857,false/0.2857142857142857
2238,false/0.6666666666666666,false/0.6666666666666666,false/0.6666666666666666,false/0.5,false/0.5,false/0.5,false/0.5,false/0.5,false/0.5,false/0.3333333333333333,false/0.3333333333333333
2116,false/0.8333333333333334,false/0.6666666666666666,false/0.6666666666666666,false/0.5,false/0.5,false/0.5,false/0.5,false/0.3333333333333333,false/0.3333333333333333,false/0.3333333333333333,false/0.3333333333333333,false/0.3333333333333333
2358,false/0.6363636363636364,false/0.6363636363636364,false/0.5454545454545454,false/0.5454545454545454,false/0.45454545454545453,false/0.45454545454545453,false/0.36363636363636365,false/0.2727272727272727,false/0.2727272727272727,false/0.2727272727272727,false/0.2727272727272727,false/0.18181818181818182
2236,false/0.5555555555555556,false/0.5555555555555556,false/0.5555555555555556,false/0.5555555555555556,true/0.4444444444444444,false/0.4444444444444444,false/0.4444444444444444,true/0.4444444444444444,false/0.4444444444444444,true/0.2222222222222222,false/0.2222222222222222
2235,false/0.8888888888888888,false/0.7777777777777778,true/0.6666666666666666,false/0.5555555555555556,true/0.5555555555555556,false/0.5555555555555556,true/0.4444444444444444,false/0.4444444444444444,true/0.4444444444444444,false/0.3333333333333333,false/0.3333333333333333,false/0.1111111111111111
2355,true/0.5454545454545454,true/0.45454545454545453,true/0.45454545454545453,false/0.36363636363636365,false/0.36363636363636365,false/0.2727272727272727,true/0.2727272727272727,false/0.18181818181818182,false/0.18181818181818182,false/0.18181818181818182,false/0.09090909090909091,false/0.09090909090909091
2354,false/0.6666666666666666,false/0.5,false/0.5,false/0.5,false/0.5,false/0.5,false/0.5,true/0.5,true/0.3333333333333333,true/0.3333333333333333,false/0.3333333333333333,false/0.16666666666666666,true/0.16666666666666666
2133,true/0.8333333333333334,true/0.8333333333333334,true/0.8333333333333334,true/0.8333333333333334,true/0.8333333333333334,true/0.8333333333333334,false/0.6666666666666666,false/0.5,false/0.5,true/0.16666666666666666
2375,false/0.5714285714285714,false/0.42857142857142855,false/0.42857142857142855,false/0.42857142857142855,false/0.42857142857142855,true/0.2857142857142857,false/0.2857142857142857,true/0.2857142857142857,true/0.14285714285714285,false/0.14285714285714285,false/0.14285714285714285,false/0.14285714285714285,false/0.0
2374,false/0.8888888888888888,false/0.8888888888888888,false/0.7777777777777778,false/0.7777777777777778,false/0.7777777777777778,false/0.6666666666666666,false/0.6666666666666666,false/0.6666666666666666,false/0.5555555555555556,false/0.5555555555555556,false/0.5555555555555556,false/0.4444444444444444,true/0.4444444444444444,false/0.4444444444444444
2131,false/0.75,false/0.75,true/0.75,true/0.75,true/0.625,false/0.625,true/0.625,false/0.625,true/0.5,true/0.5,false/0.5,true/0.375,true/0.25,true/0.25,false/0.125
2251,true/0.8571428571428571,true/0.7142857142857143,false/0.5714285714285714,false/0.5714285714285714,false/0.5714285714285714,false/0.5714285714285714,false/0.42857142857142855,false/0.42857142857142855,false/0.42857142857142855,false/0.42857142857142855,false/0.42857142857142855,false/0.2857142857142857,false/0.2857142857142857
2370,false/0.5,false/0.5,false/0.375,false/0.375,false/0.375,false/0.375,false/0.25,false/0.25,false/0.25,false/0.25,true/0.25,false/0.125,false/0.125
2129,false/0.6666666666666666,true/0.5333333333333333,false/0.5333333333333333,true/0.5333333333333333,true/0.4666666666666667,true/0.4,false/0.4,true/0.4,true/0.3333333333333333,true/0.3333333333333333,false/0.26666666666666666,true/0.2,false/0.06666666666666667
2128,false/0.4444444444444444,false/0.4444444444444444,true/0.4444444444444444,false/0.3333333333333333,false/0.3333333333333333,false/0.3333333333333333,true/0.3333333333333333,false/0.3333333333333333,false/0.2222222222222222,false/0.2222222222222222,false/0.1111111111111111
2127,false/0.7777777777777778,true/0.6666666666666666,false/0.3333333333333333,false/0.3333333333333333,true/0.3333333333333333,true/0.3333333333333333,false/0.2222222222222222,true/0.2222222222222222,false/0.1111111111111111,false/0.1111111111111111,false/0.0
2005,false/0.8571428571428571,false/0.8571428571428571,true/0.8571428571428571,false/0.7142857142857143,true/0.7142857142857143,true/0.5714285714285714,false/0.5714285714285714,false/0.5714285714285714,true/0.5714285714285714,false/0.5714285714285714,true/0.5714285714285714,false/0.42857142857142855,false/0.42857142857142855,false/0.2857142857142857
2247,false/0.5,false/0.5,false/0.4,true/0.3,false/0.2,true/0.2,false/0.1,false/0.1,false/0.1,false/0.1,false/0.0,false/0.0,false/0.0
2004,true/0.8333333333333334,true/0.75,true/0.75,true/0.6666666666666666,true/0.6666666666666666,false/0.5833333333333334,false/0.4166666666666667,false/0.4166666666666667,false/0.25
2367,false/0.7142857142857143,false/0.7142857142857143,true/0.7142857142857143,false/0.7142857142857143,false/0.7142857142857143,true/0.7142857142857143,false/0.5714285714285714,true/0.5714285714285714,true/0.5714285714285714,false/0.42857142857142855,false/0.42857142857142855,true/0.2857142857142857,false/0.2857142857142857,false/0.2857142857142857
2124,false/0.3333333333333333,false/0.3333333333333333,false/0.3333333333333333,false/0.25,false/0.25,false/0.16666666666666666,false/0.16666666666666666,false/0.16666666666666666,false/0.16666666666666666,false/0.16666666666666666,false/0.08333333333333333,false/0.08333333333333333,false/0.08333333333333333,false/0.0
2123,false/0.8333333333333334,false/0.8333333333333334,false/0.6666666666666666,true/0.5,false/0.5,false/0.5,false/0.3333333333333333,false/0.3333333333333333,false/0.3333333333333333,false/0.3333333333333333
2365,false/0.8181818181818182,false/0.5454545454545454,false/0.5454545454545454,false/0.5454545454545454,false/0.45454545454545453,false/0.45454545454545453,false/0.45454545454545453,false/0.36363636363636365,false/0.2727272727272727,false/0.2727272727272727,false/0.2727272727272727,false/0.09090909090909091,false/0.09090909090909091
2144,false/0.7,false/0.6,false/0.5,false/0.5,false/0.4,false/0.3,false/0.2,false/0.2,false/0.1,false/0.1,false/0.0
2386,false/0.5,false/0.5,true/0.5,true/0.5,false/0.3333333333333333,false/0.3333333333333333,false/0.3333333333333333,false/0.3333333333333333,false/0.16666666666666666,false/0.16666666666666666,false/0.16666666666666666,false/0.16666666666666666
2143,false/0.6666666666666666,true/0.5,true/0.5,false/0.5,true/0.5,false/0.3333333333333333,false/0.3333333333333333,false/0.3333333333333333,false/0.3333333333333333,false/0.3333333333333333,false/0.3333333333333333,false/0.16666666666666666
2021,false/0.75,false/0.625,true/0.625,false/0.625,false/0.625,true/0.625,true/0.625,true/0.5,true/0.5,false/0.375,true/0.375,false/0.25
2263,true/0.6153846153846154,false/0.3076923076923077,false/0.3076923076923077,false/0.3076923076923077,false/0.3076923076923077,false/0.3076923076923077,true/0.3076923076923077,true/0.3076923076923077,false/0.15384615384615385,false/0.15384615384615385,false/0.15384615384615385,false/0.07692307692307693
2020,false/0.5555555555555556,true/0.4444444444444444,true/0.3333333333333333,false/0.3333333333333333,true/0.3333333333333333,true/0.3333333333333333,false/0.2222222222222222,false/0.2222222222222222,false/0.2222222222222222,true/0.1111111111111111,false/0.1111111111111111,true/0.1111111111111111
2262,false/0.5714285714285714,false/0.42857142857142855,false/0.42857142857142855,false/0.42857142857142855,false/0.42857142857142855,false/0.2857142857142857,false/0.2857142857142857,false/0.2857142857142857,false/0.2857142857142857,false/0.14285714285714285,false/0.14285714285714285,false/0.14285714285714285
2140,true/0.7,true/0.7,true/0.7,false/0.6,false/0.6,false/0.5,false/0.5,false/0.5,true/0.5,false/0.4,false/0.4,false/0.4,false/0.3,false/0.3,false/0.1
2382,false/0.8571428571428571,false/0.7142857142857143,false/0.5714285714285714,false/0.5714285714285714,false/0.5714285714285714,false/0.5714285714285714,false/0.42857142857142855,false/0.2857142857142857,false/0.2857142857142857,false/0.2857142857142857,false/0.2857142857142857,true/0.14285714285714285,false/0.0
2381,false/0.5714285714285714,false/0.5714285714285714,false/0.42857142857142855,false/0.42857142857142855,false/0.42857142857142855,false/0.42857142857142855,true/0.2857142857142857,true/0.2857142857142857,false/0.14285714285714285,true/0.14285714285714285,false/0.14285714285714285,false/0.0
2019,false/0.5625,false/0.5625,false/0.4375,false/0.375,false/0.3125,false/0.3125,false/0.25,false/0.1875,false/0.1875,false/0.1875,true/0.1875,false/0.125
2139,false/0.6,true/0.6,true/0.6,true/0.6,false/0.5,false/0.5,false/0.4,false/0.3,false/0.3,false/0.3,false/0.3,false/0.3,false/0.2
2259,false/0.5714285714285714,false/0.5714285714285714,false/0.5714285714285714,false/0.5714285714285714,false/0.5714285714285714,false/0.42857142857142855,false/0.42857142857142855,false/0.42857142857142855,false/0.2857142857142857,false/0.2857142857142857,false/0.14285714285714285,false/0.14285714285714285,false/0.0
2379,false/0.5555555555555556,false/0.4444444444444444,false/0.4444444444444444,false/0.4444444444444444,false/0.4444444444444444,false/0.3333333333333333,false/0.3333333333333333,false/0.3333333333333333,false/0.2222222222222222,false/0.2222222222222222,false/0.2222222222222222,true/0.1111111111111111
2136,false/0.42857142857142855,true/0.2857142857142857,false/0.2857142857142857,true/0.2857142857142857,true/0.2857142857142857,false/0.2857142857142857,false/0.2857142857142857,true/0.2857142857142857,false/0.2857142857142857,false/0.2857142857142857,false/0.14285714285714285,true/0.14285714285714285
2378,true/0.6666666666666666,false/0.5,false/0.5,true/0.5,true/0.5,false/0.5,false/0.5,false/0.3333333333333333,true/0.3333333333333333,false/0.16666666666666666,false/0.16666666666666666,false/0.0
2377,false/0.6666666666666666,false/0.6666666666666666,false/0.6666666666666666,false/0.4444444444444444,false/0.4444444444444444,false/0.4444444444444444,true/0.4444444444444444,false/0.3333333333333333,false/0.3333333333333333,true/0.3333333333333333,true/0.2222222222222222,false/0.1111111111111111,false/0.0
2134,false/0.6666666666666666,true/0.4444444444444444,false/0.3333333333333333,false/0.3333333333333333,false/0.3333333333333333,false/0.3333333333333333,false/0.3333333333333333,false/0.3333333333333333,false/0.2222222222222222,false/0.2222222222222222,false/0.2222222222222222,false/0.2222222222222222,false/0.2222222222222222,false/0.1111111111111111
2376,false/0.5,false/0.5,false/0.375,false/0.375,false/0.375,true/0.375,true/0.375,false/0.375,false/0.375,false/0.25,false/0.25,false/0.25,false/0.125,false/0.125
2276,false/0.8333333333333334,false/0.8333333333333334,false/0.5,false/0.5,false/0.3333333333333333,false/0.16666666666666666,false/0.16666666666666666,false/0.16666666666666666
2154,false/0.8333333333333334,false/0.8333333333333334,false/0.5,false/0.5,true/0.5,false/0.5,false/0.5,false/0.5,false/0.3333333333333333,false/0.3333333333333333,false/0.3333333333333333,false/0.3333333333333333,false/0.16666666666666666,false/0.16666666666666666
2032,false/0.6666666666666666,false/0.6666666666666666,false/0.5555555555555556,false/0.5555555555555556,false/0.5555555555555556,true/0.5555555555555556,true/0.5555555555555556,false/0.4444444444444444,false/0.4444444444444444,false/0.4444444444444444,false/0.3333333333333333,false/0.3333333333333333,true/0.3333333333333333,false/0.3333333333333333,false/0.2222222222222222,false/0.2222222222222222,true/0.2222222222222222
2031,false/0.7333333333333333,false/0.6,false/0.4666666666666667,false/0.4666666666666667,false/0.4666666666666667,false/0.4666666666666667,false/0.4,false/0.4,false/0.3333333333333333,false/0.3333333333333333,false/0.3333333333333333,false/0.26666666666666666
2273,false/0.6,false/0.5,true/0.5,false/0.5,false/0.5,false/0.4,false/0.4,false/0.4,false/0.4,true/0.2,false/0.2,false/0.2
2151,false/0.625,false/0.5,false/0.5,false/0.5,false/0.375,false/0.375,false/0.25,true/0.25,true/0.25,false/0.25,false/0.25,true/0.125,true/0.0
2393,false/0.5,false/0.5,false/0.5,false/0.5,false/0.4,false/0.4,false/0.3,false/0.3,true/0.3,false/0.2,false/0.2,false/0.2,false/0.1,false/0.1
2392,true/0.8571428571428571,true/0.8571428571428571,true/0.8571428571428571,true/0.7142857142857143,true/0.7142857142857143,false/0.5714285714285714,false/0.5714285714285714,false/0.5714285714285714,false/0.5714285714285714,true/0.5714285714285714,false/0.42857142857142855,false/0.2857142857142857,false/0.14285714285714285
2391,false/0.5,false/0.5,false/0.3333333333333333,true/0.3333333333333333,false/0.3333333333333333,true/0.3333333333333333,true/0.3333333333333333,false/0.16666666666666666,false/0.16666666666666666,false/0.16666666666666666,false/0.16666666666666666,false/0.16666666666666666,false/0.16666666666666666,true/0.16666666666666666
2029,true/0.75,false/0.375,false/0.375,true/0.375,false/0.375,true/0.25,true/0.25,false/0.25,false/0.125,false/0.125,false/0.125,true/0.125
2149,false/0.7,true/0.7,true/0.6,true/0.6,true/0.6,true/0.5,true/0.5,true/0.5,false/0.4,false/0.4,false/0.4,false/0.4,false/0.2,false/0.2
2269,false/0.5,false/0.5,false/0.5,false/0.5,false/0.5,true/0.4,false/0.4,false/0.4,false/0.4,false/0.3,false/0.3,false/0.3,false/0.2,false/0.1
2268,false/0.45454545454545453,false/0.45454545454545453,false/0.36363636363636365,true/0.36363636363636365,true/0.36363636363636365,true/0.36363636363636365,false/0.36363636363636365,false/0.2727272727272727,false/0.18181818181818182,false/0.18181818181818182,false/0.09090909090909091,false/0.09090909090909091,true/0.09090909090909091
2388,true/0.6363636363636364,false/0.5454545454545454,false/0.45454545454545453,false/0.45454545454545453,false/0.45454545454545453,true/0.36363636363636365,false/0.36363636363636365,false/0.36363636363636365,false/0.36363636363636365,false/0.2727272727272727,false/0.18181818181818182,false/0.18181818181818182,false/0.18181818181818182
2266,false/0.5833333333333334,false/0.5833333333333334,true/0.4166666666666667,false/0.3333333333333333,true/0.3333333333333333,false/0.25,false/0.25,false/0.25,true/0.25,false/0.16666666666666666,false/0.16666666666666666
2045,false/0.7777777777777778,false/0.6666666666666666,true/0.5555555555555556,false/0.5555555555555556,true/0.5555555555555556,true/0.5555555555555556,false/0.4444444444444444,false/0.4444444444444444,false/0.3333333333333333,false/0.2222222222222222,false/0.1111111111111111
2287,false/0.75,true/0.75,false/0.625,false/0.625,true/0.625,false/0.5,false/0.5,false/0.5,false/0.5,false/0.375
2165,true/0.9,false/0.8,true/0.7,false/0.7,true/0.6,false/0.5,false/0.5,false/0.5,true/0.5,false/0.4,false/0.4,false/0.4,false/0.3,false/0.1
2043,false/0.625,false/0.5,false/0.5,false/0.5,false/0.375,false/0.25,false/0.25,false/0.25,false/0.125,false/0.125,false/0.125
2285,false/0.625,false/0.5,false/0.375,false/0.375,false/0.375,true/0.375,false/0.25,false/0.25,false/0.25,true/0.25,false/0.25,false/0.25,true/0.25,false/0.125
2162,false/0.4166666666666667,false/0.3333333333333333,false/0.25,false/0.25,false/0.16666666666666666,false/0.16666666666666666,false/0.16666666666666666,false/0.16666666666666666,false/0.16666666666666666,false/0.08333333333333333
2040,false/0.5,false/0.3333333333333333,false/0.3333333333333333,false/0.3333333333333333,false/0.3333333333333333,false/0.3333333333333333,true/0.3333333333333333,false/0.3333333333333333,false/0.16666666666666666,false/0.16666666666666666,false/0.16666666666666666,false/0.16666666666666666
2282,true/0.8333333333333334,false/0.8333333333333334,true/0.75,true/0.75,true/0.75,true/0.75,false/0.6666666666666666,true/0.6666666666666666,true/0.5833333333333334,true/0.5833333333333334,true/0.5833333333333334,true/0.3333333333333333,true/0.3333333333333333,true/0.25,true/0.25,true/0.25
2281,false/0.5833333333333334,false/0.5833333333333334,false/0.5,false/0.5,false/0.4166666666666667,false/0.4166666666666667,true/0.3333333333333333,false/0.3333333333333333,true/0.3333333333333333,false/0.25,false/0.16666666666666666
2039,false/0.625,false/0.625,false/0.5,false/0.5,true/0.5,false/0.375,false/0.375,false/0.375,false/0.25,false/0.25,false/0.25,false/0.25,false/0.125,false/0.125
2159,false/0.45454545454545453,false/0.36363636363636365,false/0.36363636363636365,false/0.2727272727272727,false/0.2727272727272727,false/0.2727272727272727,false/0.18181818181818182,false/0.18181818181818182,false/0.09090909090909091,false/0.09090909090909091,false/0.09090909090909091,false/0.0,false/0.0
2279,false/0.5,false/0.5,false/0.5,false/0.5,false/0.5,false/0.3333333333333333,false/0.3333333333333333,false/0.3333333333333333,false/0.3333333333333333,false/0.3333333333333333,false/0.3333333333333333,false/0.3333333333333333,false/0.16666666666666666
2157,false/0.6666666666666666,false/0.6666666666666666,false/0.6666666666666666,false/0.5833333333333334,false/0.5833333333333334,false/0.5,false/0.5,false/0.5,false/0.4166666666666667,false/0.4166666666666667,false/0.16666666666666666,false/0.08333333333333333
2035,false/0.5,false/0.375,true/0.375,true/0.25,false/0.25,false/0.25,true/0.25,false/0.125,true/0.125,true/0.125,false/0.125,false/0.125
2277,true/0.6666666666666666,false/0.5,true/0.5,true/0.3333333333333333,false/0.3333333333333333,true/0.3333333333333333,false/0.16666666666666666,false/0.16666666666666666,false/0.16666666666666666,true/0.16666666666666666,false/0.16666666666666666,false/0.16666666666666666,false/0.16666666666666666,true/0.16666666666666666
2056,false/0.4,false/0.4,false/0.3333333333333333,false/0.3333333333333333,true/0.26666666666666666,true/0.26666666666666666,true/0.2,false/0.13333333333333333,false/0.13333333333333333,false/0.13333333333333333,false/0.06666666666666667,false/0.0
2055,false/0.5333333333333333,false/0.4666666666666667,false/0.4666666666666667,false/0.3333333333333333,false/0.26666666666666666,false/0.2,false/0.2,false/0.2,false/0.2,false/0.2,false/0.13333333333333333,false/0.13333333333333333
2297,false/0.7142857142857143,true/0.5714285714285714,false/0.5714285714285714,false/0.5714285714285714,false/0.42857142857142855,false/0.42857142857142855,false/0.42857142857142855,false/0.2857142857142857,false/0.2857142857142857,false/0.2857142857142857,false/0.14285714285714285,false/0.14285714285714285,false/0.14285714285714285
2175,true/0.625,true/0.625,true/0.625,true/0.625,true/0.375,false/0.375,true/0.375,true/0.375,true/0.375,false/0.25,false/0.125,false/0.125,false/0.125
2053,true/0.631578947368421,true/0.5263157894736842,false/0.3684210526315789,false/0.3157894736842105,false/0.3157894736842105,false/0.3157894736842105,false/0.2631578947368421,false/0.2631578947368421,false/0.2631578947368421,false/0.15789473684210525,false/0.15789473684210525,false/0.15789473684210525,false/0.15789473684210525,false/0.05263157894736842
2052,true/0.75,true/0.75,false/0.5,false/0.5,false/0.5,false/0.5,true/0.375,false/0.375,false/0.375,true/0.25,false/0.25,false/0.125
2294,true/0.6666666666666666,true/0.5,false/0.5,false/0.3333333333333333,false/0.3333333333333333,true/0.3333333333333333,false/0.3333333333333333,false/0.3333333333333333,false/0.16666666666666666,true/0.16666666666666666,true/0.16666666666666666,false/0.16666666666666666,false/0.0
2293,true/0.6,false/0.6,true/0.5,true/0.4,true/0.4,true/0.4,false/0.3,false/0.2,false/0.1
2171,false/0.6666666666666666,false/0.5,false/0.5,false/0.5,false/0.3333333333333333,false/0.3333333333333333,false/0.16666666666666666,false/0.16666666666666666,false/0.16666666666666666,false/0.16666666666666666,false/0.16666666666666666,false/0.16666666666666666,false/0.16666666666666666,true/0.16666666666666666,true/0.16666666666666666,false/0.0
2170,false/0.6363636363636364,false/0.5454545454545454,false/0.5454545454545454,false/0.5454545454545454,false/0.45454545454545453,false/0.45454545454545453,false/0.45454545454545453,false/0.36363636363636365,false/0.36363636363636365,false/0.2727272727272727,false/0.2727272727272727,false/0.18181818181818182,false/0.09090909090909091
2048,true/1.0,true/1.0,true/0.8,false/0.6,false/0.4,false/0.4,false/0.4,false/0.4,true/0.4,true/0.4,false/0.4,true/0.2
2047,false/0.75,false/0.75,false/0.625,false/0.625,true/0.625,false/0.5,false/0.5,false/0.5,false/0.375,false/0.375,false/0.125,false/0.125
2289,true/0.6666666666666666,true/0.5,true/0.5,true/0.5,true/0.5,true/0.5,true/0.5,true/0.3333333333333333,true/0.3333333333333333,true/0.3333333333333333,true/0.3333333333333333,true/0.16666666666666666
2288,false/0.8333333333333334,false/0.5,false/0.5,false/0.5,false/0.3333333333333333,false/0.3333333333333333,true/0.16666666666666666,false/0.16666666666666666,false/0.16666666666666666,false/0.16666666666666666,true/0.16666666666666666,true/0.16666666666666666
2188,true/0.6,true/0.6,false/0.6,true/0.6,false/0.4,false/0.4,true/0.4,false/0.2,false/0.2,false/0.2,false/0.0,false/0.0
2187,false/0.5,false/0.5,false/0.5,false/0.5,false/0.5,false/0.4,true/0.4,false/0.3,false/0.3,false/0.2,false/0.2,false/0.1,false/0.1
2186,false/0.6666666666666666,false/0.4444444444444444,false/0.4444444444444444,false/0.4444444444444444,false/0.4444444444444444,false/0.3333333333333333,false/0.3333333333333333,false/0.3333333333333333,false/0.3333333333333333,true/0.2222222222222222
2185,false/0.42857142857142855,false/0.42857142857142855,false/0.2857142857142857,false/0.2857142857142857,false/0.2857142857142857,false/0.14285714285714285,false/0.14285714285714285,false/0.14285714285714285,false/0.14285714285714285,false/0.0
2184,false/0.7142857142857143,true/0.42857142857142855,true/0.42857142857142855,true/0.42857142857142855,false/0.42857142857142855,true/0.42857142857142855,false/0.42857142857142855,true/0.42857142857142855,true/0.42857142857142855,true/0.42857142857142855,true/0.42857142857142855,true/0.2857142857142857,false/0.2857142857142857,true/0.2857142857142857,true/0.2857142857142857
2061,true/0.625,true/0.625,false/0.375,false/0.25,false/0.25,false/0.25,true/0.25,false/0.125,false/0.125,false/0.125,false/0.125,false/0.0
2181,false/0.4,false/0.4,false/0.4,false/0.4,false/0.3,true/0.3,false/0.3,false/0.2,false/0.2,false/0.1
2058,true/0.9,true/0.9,false/0.8,false/0.8,false/0.7,false/0.6,false/0.5,false/0.4,false/0.4,false/0.4,false/0.3,false/0.1,false/0.1
2057,false/0.625,false/0.5,false/0.5,true/0.375,false/0.375,true/0.375,false/0.25,true/0.25,true/0.25,false/0.125
2299,false/0.5714285714285714,true/0.5714285714285714,true/0.5714285714285714,false/0.5714285714285714,true/0.5714285714285714,false/0.42857142857142855,true/0.35714285714285715,true/0.35714285714285715,false/0.2857142857142857,false/0.2857142857142857,false/0.14285714285714285
2191,true/0.6666666666666666,false/0.5555555555555556,true/0.4444444444444444,false/0.4444444444444444,true/0.4444444444444444,true/0.3333333333333333,true/0.3333333333333333,false/0.3333333333333333,false/0.3333333333333333,false/0.3333333333333333,false/0.2222222222222222,false/0.1111111111111111
2078,false/1.0,false/0.8333333333333334,false/0.6666666666666666,false/0.5,false/0.5,false/0.5,false/0.3333333333333333,false/0.16666666666666666,false/0.0
2077,false/0.5714285714285714,false/0.42857142857142855,false/0.42857142857142855,false/0.42857142857142855,false/0.42857142857142855,true/0.42857142857142855,false/0.42857142857142855,false/0.42857142857142855,false/0.2857142857142857,false/0.2857142857142857,false/0.2857142857142857,false/0.14285714285714285,false/0.14285714285714285
2076,false/0.6666666666666666,false/0.4444444444444444,false/0.4444444444444444,false/0.3333333333333333,true/0.3333333333333333,false/0.3333333333333333,true/0.3333333333333333,false/0.2222222222222222,false/0.2222222222222222,true/0.2222222222222222,false/0.1111111111111111,false/0.1111111111111111,false/0.1111111111111111
2075,false/0.5,false/0.5,true/0.5,false/0.5,false/0.4,false/0.4,false/0.4,false/0.3,false/0.3,true/0.3,false/0.3,false/0.2,false/0.1,false/0.1
2074,false/0.5714285714285714,false/0.5714285714285714,true/0.5714285714285714,false/0.42857142857142855,true/0.42857142857142855,false/0.42857142857142855,true/0.42857142857142855,true/0.2857142857142857,false/0.2857142857142857,false/0.2857142857142857,true/0.2857142857142857,true/0.2857142857142857,false/0.2857142857142857,false/0.14285714285714285
2073,false/0.625,true/0.625,false/0.375,true/0.375,true/0.375,false/0.375,true/0.375,true/0.375,true/0.375,false/0.25,false/0.25,false/0.125,false/0.125,true/0.0
2072,true/0.5,true/0.5,false/0.5,false/0.5,false/0.5,true/0.5,true/0.5,true/0.5,false/0.3333333333333333,false/0.16666666666666666,false/0.16666666666666666,false/0.0
2071,false/0.5,false/0.5,true/0.5,false/0.5,false/0.5,false/0.5,true/0.375,false/0.375,true/0.375,true/0.375,true/0.25,false/0.25,true/0.25,true/0.125,false/0.125
2069,false/0.7777777777777778,true/0.7777777777777778,false/0.6666666666666666,false/0.6666666666666666,false/0.5555555555555556,false/0.5555555555555556,false/0.5555555555555556,false/0.5555555555555556,true/0.5555555555555556,true/0.3333333333333333,false/0.3333333333333333,false/0.2222222222222222
2189,false/0.5555555555555556,false/0.4444444444444444,false/0.4444444444444444,false/0.3333333333333333,false/0.3333333333333333,false/0.3333333333333333,false/0.3333333333333333,false/0.2222222222222222,false/0.2222222222222222,false/0.2222222222222222,false/0.1111111111111111,false/0.1111111111111111,false/0.0
2080,false/0.6666666666666666,false/0.6666666666666666,false/0.6666666666666666,false/0.5,false/0.5,false/0.5,true/0.5,false/0.5,true/0.5,false/0.3333333333333333,false/0.3333333333333333,false/0.3333333333333333,false/0.16666666666666666,true/0.16666666666666666,false/0.16666666666666666
2088,false/0.8888888888888888,false/0.7777777777777778,true/0.6666666666666666,true/0.6666666666666666,true/0.5555555555555556,true/0.5555555555555556,false/0.5555555555555556,false/0.5555555555555556,false/0.4444444444444444,false/0.4444444444444444,false/0.3333333333333333,false/0.2222222222222222,true/0.2222222222222222
2086,false/0.75,false/0.625,false/0.625,false/0.5,false/0.5,false/0.5,false/0.375,false/0.25,false/0.25,false/0.25,false/0.25
2084,false/0.6666666666666666,false/0.6666666666666666,false/0.6666666666666666,false/0.6666666666666666,false/0.5555555555555556,false/0.5555555555555556,true/0.4444444444444444,false/0.3333333333333333,false/0.2222222222222222,false/0.1111111111111111
2079,false/0.5,false/0.5,false/0.5,false/0.5,false/0.375,false/0.375,false/0.25,false/0.25,false/0.25,false/0.25,false/0.25,false/0.25,false/0.125,false/0.0
2091,true/0.8333333333333334,true/0.8333333333333334,true/0.6666666666666666,true/0.6666666666666666,false/0.6666666666666666,true/0.6666666666666666,true/0.5,true/0.5,true/0.5,true/0.5,false/0.3333333333333333,false/0.3333333333333333,false/0.16666666666666666
2099,false/0.6666666666666666,true/0.6666666666666666,false/0.6666666666666666,false/0.5555555555555556,true/0.5555555555555556,false/0.3333333333333333,false/0.3333333333333333,true/0.3333333333333333,true/0.2222222222222222,false/0.1111111111111111,false/0.1111111111111111
2094,false/0.8,false/0.6,false/0.4,false/0.4,true/0.4,false/0.2,false/0.2,false/0.2,false/0.2,false/0.2,false/0.2,false/0.2,false/0.2
1909,false/0.6363636363636364,false/0.5454545454545454,false/0.45454545454545453,true/0.45454545454545453,true/0.36363636363636365,false/0.36363636363636365,false/0.36363636363636365,false/0.36363636363636365,false/0.18181818181818182,false/0.18181818181818182,true/0.18181818181818182,false/0.09090909090909091
1906,false/0.42857142857142855,false/0.42857142857142855,true/0.42857142857142855,false/0.2857142857142857,false/0.2857142857142857,false/0.2857142857142857,false/0.2857142857142857,false/0.2857142857142857,false/0.2857142857142857,false/0.2857142857142857,false/0.14285714285714285
1903,false/0.6,true/0.6,false/0.6,true/0.5,false/0.4,false/0.4,false/0.3,true/0.3,true/0.2,false/0.1,false/0.1,false/0.1
1919,false/0.6,false/0.6,false/0.6,false/0.6,false/0.4,false/0.4,false/0.4,false/0.4,false/0.4,false/0.4,false/0.2,false/0.2
1918,false/0.6666666666666666,false/0.5,false/0.5,true/0.5,false/0.3333333333333333,false/0.3333333333333333,false/0.3333333333333333,false/0.3333333333333333,false/0.16666666666666666,false/0.16666666666666666,false/0.0
1914,true/0.7857142857142857,true/0.7857142857142857,true/0.7142857142857143,false/0.6428571428571429,true/0.6428571428571429,false/0.6428571428571429,true/0.6428571428571429,true/0.42857142857142855,false/0.35714285714285715,false/0.2857142857142857
1911,true/0.5294117647058824,false/0.5294117647058824,true/0.47058823529411764,false/0.47058823529411764,false/0.35294117647058826,false/0.35294117647058826,false/0.35294117647058826,false/0.35294117647058826,false/0.29411764705882354,false/0.29411764705882354,false/0.29411764705882354,false/0.29411764705882354
1920,true/0.8333333333333334,true/0.6666666666666666,false/0.5,false/0.5,true/0.5,false/0.3333333333333333,false/0.3333333333333333,false/0.3333333333333333,false/0.16666666666666666,false/0.16666666666666666,false/0.16666666666666666
1928,true/0.5,false/0.5,false/0.5,true/0.5,false/0.3333333333333333,false/0.3333333333333333,false/0.16666666666666666,true/0.16666666666666666,false/0.16666666666666666,false/0.16666666666666666
1926,false/0.5714285714285714,false/0.42857142857142855,true/0.42857142857142855,false/0.42857142857142855,false/0.42857142857142855,false/0.42857142857142855,false/0.42857142857142855,false/0.42857142857142855,false/0.42857142857142855,false/0.2857142857142857,false/0.2857142857142857,false/0.2857142857142857,false/0.14285714285714285
1924,false/0.5,false/0.5,false/0.5,false/0.375,false/0.375,false/0.375,false/0.25,false/0.25,false/0.25
1932,true/0.42857142857142855,false/0.42857142857142855,false/0.2857142857142857,true/0.2857142857142857,false/0.14285714285714285,false/0.14285714285714285,false/0.0,false/0.0,false/0.0,false/0.0
1930,true/0.8571428571428571,false/0.7142857142857143,true/0.7142857142857143,true/0.5714285714285714,true/0.5714285714285714,true/0.42857142857142855,false/0.2857142857142857,true/0.14285714285714285,true/0.14285714285714285,false/0.0,false/0.0,false/0.0
1938,false/0.7,false/0.7,false/0.6,false/0.6,false/0.6,true/0.6,false/0.5,false/0.5,true/0.4,false/0.3,false/0.3,false/0.2,false/0.2
1936,true/0.7777777777777778,true/0.7777777777777778,false/0.6666666666666666,false/0.6666666666666666,false/0.5555555555555556,false/0.5555555555555556,false/0.5555555555555556,true/0.4444444444444444,false/0.4444444444444444,false/0.2222222222222222
1934,false/0.7,false/0.5,false/0.4,true/0.4,false/0.3,false/0.3,false/0.3,false/0.2,false/0.2,false/0.2,false/0.2,false/0.1,false/0.1
1942,true/0.6666666666666666,true/0.6666666666666666,false/0.6666666666666666,true/0.6666666666666666,true/0.6666666666666666,false/0.5833333333333334,false/0.25,false/0.16666666666666666
1949,false/0.6666666666666666,false/0.6666666666666666,true/0.6666666666666666,true/0.5555555555555556,false/0.5555555555555556,false/0.5555555555555556,false/0.5555555555555556,false/0.5555555555555556,false/0.4444444444444444,true/0.4444444444444444,false/0.4444444444444444,false/0.3333333333333333,false/0.2222222222222222
1947,false/0.5,true/0.5,true/0.5,true/0.5,true/0.375,true/0.375,false/0.375,true/0.375,false/0.25,false/0.25,false/0.25,false/0.25,false/0.125,false/0.125
1945,true/0.8333333333333334,true/0.8333333333333334,true/0.8333333333333334,true/0.8333333333333334,true/0.6666666666666666,true/0.6666666666666666,false/0.16666666666666666,false/0.16666666666666666,false/0.16666666666666666
1954,false/0.625,false/0.625,false/0.625,false/0.5,true/0.5,false/0.5,false/0.375,false/0.375,false/0.375,false/0.375,false/0.25,false/0.25,false/0.25,false/0.25
1952,false/0.4,false/0.4,false/0.4,false/0.3,false/0.2,false/0.2,false/0.2,false/0.2,false/0.1,false/0.1,false/0.0
1950,true/0.5,true/0.5,true/0.5,false/0.375,false/0.375,false/0.375,false/0.375,false/0.375,false/0.375,true/0.375,false/0.25,false/0.125
1958,true/0.6666666666666666,true/0.6666666666666666,true/0.6666666666666666,true/0.6666666666666666,true/0.6666666666666666,true/0.6666666666666666,true/0.6666666666666666,true/0.6666666666666666,false/0.2222222222222222,false/0.2222222222222222,false/0.2222222222222222,false/0.1111111111111111,false/0.1111111111111111
1965,false/0.4,false/0.4,false/0.4,false/0.4,false/0.4,false/0.4,false/0.2,false/0.2,false/0.2,false/0.2,false/0.0,false/0.0
1961,false/0.6,true/0.4,true/0.4,false/0.4,false/0.4,false/0.3,false/0.3,false/0.2,true/0.2,false/0.1,false/0.1,false/0.1
1969,false/0.6666666666666666,false/0.5,false/0.3333333333333333,false/0.3333333333333333,true/0.3333333333333333,true/0.3333333333333333,false/0.3333333333333333,true/0.16666666666666666,true/0.16666666666666666,true/0.16666666666666666,false/0.16666666666666666,false/0.16666666666666666,true/0.16666666666666666
1967,true/0.6666666666666666,true/0.6666666666666666,true/0.5555555555555556,false/0.4444444444444444,false/0.4444444444444444,false/0.4444444444444444,false/0.4444444444444444,true/0.3333333333333333,false/0.3333333333333333,false/0.3333333333333333,true/0.2222222222222222,false/0.2222222222222222,false/0.2222222222222222
1976,true/0.7777777777777778,true/0.7777777777777778,true/0.6666666666666666,false/0.6666666666666666,false/0.6666666666666666,false/0.5555555555555556,false/0.5555555555555556,false/0.4444444444444444,false/0.4444444444444444,false/0.3333333333333333,false/0.3333333333333333
1974,true/0.625,true/0.5,true/0.5,true/0.5,true/0.375,false/0.375,false/0.25,false/0.25,false/0.25,false/0.125,false/0.125,false/0.125,false/0.0
1971,false/0.7,false/0.6,false/0.6,false/0.6,false/0.5,true/0.4,false/0.4,true/0.4,false/0.3,false/0.3,false/0.3,true/0.2,true/0.2,false/0.2
1979,false/0.42857142857142855,false/0.42857142857142855,false/0.42857142857142855,false/0.42857142857142855,false/0.42857142857142855,false/0.2857142857142857,false/0.14285714285714285,false/0.0,false/0.0
1977,false/0.6666666666666666,false/0.6666666666666666,false/0.6666666666666666,false/0.4444444444444444,false/0.4444444444444444,false/0.4444444444444444,false/0.4444444444444444,false/0.3333333333333333,false/0.2222222222222222
1986,false/0.625,false/0.625,false/0.5,true/0.5,false/0.375,true/0.375,true/0.375,false/0.375,false/0.25,true/0.25,false/0.125,false/0.0
1984,true/0.6666666666666666,true/0.5555555555555556,false/0.4444444444444444,true/0.3333333333333333,true/0.3333333333333333,false/0.3333333333333333,true/0.3333333333333333,false/0.2222222222222222,false/0.1111111111111111,false/0.1111111111111111,false/0.1111111111111111,false/0.1111111111111111,false/0.1111111111111111
1982,false/0.9166666666666666,false/0.8333333333333334,false/0.8333333333333334,false/0.8333333333333334,false/0.75,false/0.5833333333333334,false/0.5833333333333334,false/0.5,false/0.3333333333333333,true/0.3333333333333333,false/0.25,false/0.16666666666666666,false/0.08333333333333333
1980,true/0.7,false/0.7,true/0.6,true/0.6,true/0.6,false/0.5,true/0.5,true/0.5,true/0.4,true/0.4,false/0.4,false/0.3,false/0.3,false/0.3,false/0.2
1998,false/0.6666666666666666,false/0.6666666666666666,true/0.5555555555555556,true/0.5555555555555556,false/0.3333333333333333,false/0.3333333333333333,false/0.3333333333333333,true/0.3333333333333333,false/0.2222222222222222,false/0.1111111111111111,false/0.1111111111111111,false/0.0
1996,true/0.7142857142857143,true/0.7142857142857143,true/0.5714285714285714,false/0.5714285714285714,true/0.5714285714285714,false/0.5714285714285714,true/0.42857142857142855,true/0.42857142857142855,false/0.42857142857142855,true/0.42857142857142855,false/0.2857142857142857,false/0.2857142857142857,true/0.2857142857142857
1994,false/0.7777777777777778,true/0.6666666666666666,false/0.4444444444444444,false/0.4444444444444444,false/0.4444444444444444,false/0.3333333333333333,false/0.3333333333333333,false/0.3333333333333333,false/0.2222222222222222,false/0.2222222222222222,false/0.2222222222222222,false/0.2222222222222222
1992,false/0.8333333333333334,false/0.6666666666666666,false/0.6666666666666666,false/0.5,true/0.5,false/0.5,false/0.3333333333333333,false/0.3333333333333333,false/0.3333333333333333,false/0.3333333333333333,false/0.3333333333333333,false/0.16666666666666666
1999,false/0.7777777777777778,false/0.7777777777777778,false/0.7777777777777778,false/0.7777777777777778,false/0.7777777777777778,false/0.7777777777777778,false/0.6666666666666666,false/0.6666666666666666,false/0.5555555555555556,false/0.5555555555555556,false/0.5555555555555556,false/0.4444444444444444,false/0.4444444444444444
1898,false/0.8333333333333334,true/0.6666666666666666,false/0.5,false/0.5,true/0.5,true/0.5,true/0.5,false/0.5,false/0.3333333333333333,false/0.3333333333333333,false/0.3333333333333333,true/0.3333333333333333,true/0.3333333333333333,true/0.3333333333333333,false/0.16666666666666666
1896,true/0.6,false/0.5,false/0.4,false/0.4,false/0.4,true/0.4,false/0.3,false/0.3,false/0.3,false/0.3,false/0.2,false/0.2,false/0.2
1894,false/0.7777777777777778,true/0.7777777777777778,false/0.6666666666666666,false/0.6666666666666666,false/0.5555555555555556,false/0.5555555555555556,false/0.5555555555555556,false/0.5555555555555556,true/0.5555555555555556,false/0.4444444444444444,false/0.4444444444444444,true/0.3333333333333333,false/0.3333333333333333,false/0.3333333333333333,false/0.2222222222222222
1895,false/0.8333333333333334,true/0.6666666666666666,false/0.5,true/0.5,false/0.3333333333333333,false/0.3333333333333333,false/0.3333333333333333,false/0.3333333333333333,false/0.3333333333333333,false/0.3333333333333333,false/0.3333333333333333,false/0.3333333333333333,false/0.16666666666666666
1897,false/0.75,false/0.5833333333333334,false/0.4166666666666667,false/0.3333333333333333,false/0.3333333333333333,true/0.3333333333333333,false/0.25,false/0.25,false/0.25,false/0.16666666666666666,false/0.08333333333333333
1899,true/0.7777777777777778,true/0.6666666666666666,true/0.6666666666666666,true/0.4444444444444444,true/0.4444444444444444,true/0.4444444444444444,true/0.4444444444444444,true/0.3333333333333333,false/0.2222222222222222,false/0.1111111111111111,false/0.1111111111111111,false/0.1111111111111111
1991,false/0.42857142857142855,false/0.42857142857142855,false/0.42857142857142855,false/0.42857142857142855,false/0.2857142857142857,false/0.2857142857142857,false/0.2857142857142857,false/0.14285714285714285,false/0.14285714285714285,false/0.14285714285714285,false/0.14285714285714285,false/0.14285714285714285,false/0.14285714285714285
1993,true/0.625,true/0.5,true/0.5,true/0.5,false/0.375,false/0.375,true/0.375,false/0.375,true/0.25,false/0.25,true/0.25,false/0.25,false/0.125,false/0.125
1995,false/0.5454545454545454,false/0.45454545454545453,false/0.36363636363636365,false/0.36363636363636365,false/0.2727272727272727,false/0.2727272727272727,false/0.2727272727272727,false/0.2727272727272727,false/0.18181818181818182,true/0.18181818181818182,false/0.09090909090909091
1997,true/0.5,false/0.4166666666666667,false/0.4166666666666667,false/0.4166666666666667,false/0.3333333333333333,true/0.3333333333333333,false/0.25,false/0.25,false/0.25,false/0.25,false/0.25,false/0.25,false/0.16666666666666666
1989,false/0.75,false/0.625,false/0.375,false/0.375,false/0.375,false/0.375,false/0.375,false/0.375,false/0.25,false/0.25,false/0.25,false/0.25
1981,false/0.75,true/0.75,true/0.75,true/0.75,true/0.75,false/0.625,false/0.625,false/0.5,false/0.5,false/0.25,false/0.25,false/0.25
1983,false/0.8571428571428571,false/0.7142857142857143,true/0.7142857142857143,true/0.7142857142857143,true/0.7142857142857143,false/0.5714285714285714,true/0.42857142857142855,false/0.42857142857142855,false/0.0
1985,true/0.5714285714285714,false/0.42857142857142855,false/0.42857142857142855,false/0.2857142857142857,false/0.2857142857142857,false/0.2857142857142857,false/0.14285714285714285,true/0.14285714285714285,true/0.14285714285714285,true/0.14285714285714285,false/0.14285714285714285,false/0.0
1990,false/0.45454545454545453,false/0.45454545454545453,false/0.2727272727272727,false/0.18181818181818182,false/0.09090909090909091,false/0.09090909090909091,false/0.0
1978,false/0.6666666666666666,false/0.5,false/0.5,false/0.3333333333333333,false/0.3333333333333333,false/0.3333333333333333,false/0.3333333333333333,false/0.3333333333333333,false/0.16666666666666666,false/0.16666666666666666,false/0.16666666666666666
1970,true/0.75,true/0.625,false/0.625,false/0.625,true/0.625,false/0.5,false/0.5,true/0.375,false/0.375,false/0.375,true/0.375,false/0.25,false/0.25,false/0.125
1973,false/0.5,false/0.5,false/0.35714285714285715,false/0.35714285714285715,false/0.2857142857142857,true/0.2857142857142857,false/0.2857142857142857,false/0.21428571428571427,false/0.14285714285714285,false/0.0
1975,false/0.6,false/0.4,false/0.4,false/0.4,false/0.4,true/0.4,false/0.2,false/0.2,false/0.2,false/0.0,false/0.0
1966,false/0.5384615384615384,false/0.46153846153846156,false/0.38461538461538464,false/0.38461538461538464,false/0.38461538461538464,false/0.3076923076923077,false/0.3076923076923077,false/0.3076923076923077,false/0.3076923076923077,false/0.23076923076923078,false/0.23076923076923078,false/0.15384615384615385
1968,false/0.375,false/0.25,false/0.125,false/0.125,false/0.125,false/0.125,false/0.125,false/0.125,true/0.125,false/0.0,true/0.0
1960,false/0.6363636363636364,false/0.5454545454545454,false/0.5454545454545454,false/0.45454545454545453,false/0.45454545454545453,false/0.45454545454545453,false/0.45454545454545453,false/0.36363636363636365,false/0.36363636363636365,false/0.18181818181818182,false/0.18181818181818182,false/0.09090909090909091,false/0.09090909090909091
1962,false/0.75,false/0.6666666666666666,false/0.5833333333333334,true/0.5833333333333334,false/0.4166666666666667,false/0.4166666666666667,false/0.3333333333333333,false/0.25,false/0.25,false/0.25,false/0.25,false/0.25,true/0.08333333333333333,false/0.08333333333333333
1956,false/0.8888888888888888,true/0.8888888888888888,true/0.6666666666666666,true/0.5555555555555556,true/0.5555555555555556,false/0.4444444444444444,false/0.4444444444444444,false/0.3333333333333333,false/0.2222222222222222,false/0.2222222222222222,false/0.2222222222222222
1959,false/0.5,false/0.375,false/0.375,false/0.25,false/0.125,false/0.125,false/0.125,false/0.125,false/0.0,true/0.0
1951,false/0.6,false/0.5,false/0.5,false/0.5,false/0.4,false/0.2,false/0.2,false/0.2,false/0.2,false/0.1,false/0.0
1953,false/0.8571428571428571,true/0.5714285714285714,true/0.42857142857142855,false/0.42857142857142855,false/0.2857142857142857,false/0.2857142857142857,false/0.2857142857142857,false/0.2857142857142857,true/0.2857142857142857,false/0.2857142857142857,false/0.14285714285714285,false/0.0
1944,false/0.5,false/0.5,false/0.5,true/0.375,false/0.375,false/0.375,false/0.375,false/0.25,false/0.25,false/0.25,false/0.125,false/0.125,false/0.0,true/0.0,false/0.0
1946,false/0.625,false/0.5,true/0.5,false/0.5,false/0.375,true/0.375,false/0.375,false/0.25,false/0.25,true/0.25,false/0.25,false/0.25,true/0.25,true/0.25,false/0.125
1948,false/0.5454545454545454,false/0.45454545454545453,false/0.45454545454545453,false/0.36363636363636365,false/0.36363636363636365,false/0.36363636363636365,false/0.36363636363636365,false/0.2727272727272727,false/0.2727272727272727,false/0.18181818181818182,false/0.09090909090909091,false/0.0
1941,false/0.6363636363636364,false/0.6363636363636364,false/0.5454545454545454,true/0.45454545454545453,true/0.45454545454545453,false/0.36363636363636365,false/0.2727272727272727,false/0.2727272727272727,false/0.2727272727272727,false/0.09090909090909091
1943,true/0.6666666666666666,false/0.6666666666666666,false/0.5555555555555556,false/0.5555555555555556,true/0.4444444444444444,true/0.3333333333333333,true/0.3333333333333333,true/0.3333333333333333,false/0.2222222222222222,false/0.2222222222222222,false/0.1111111111111111
1935,false/0.9090909090909091,true/0.8181818181818182,false/0.6363636363636364,true/0.6363636363636364,false/0.6363636363636364,false/0.5454545454545454,false/0.5454545454545454,false/0.45454545454545453,false/0.45454545454545453,false/0.36363636363636365,false/0.36363636363636365,false/0.36363636363636365,false/0.18181818181818182
1937,false/0.5,false/0.5,false/0.5,false/0.5,false/0.375,false/0.375,false/0.375,false/0.375,false/0.25,false/0.25,false/0.0
1939,false/0.6,true/0.6,false/0.6,false/0.4,false/0.2,false/0.2,true/0.2,true/0.2,false/0.2,false/0.2,false/0.2,false/0.2,false/0.0
1931,false/0.6666666666666666,false/0.5,true/0.5,false/0.5,false/0.5,false/0.5,false/0.5,false/0.5,false/0.3333333333333333,false/0.16666666666666666
1922,false/0.7142857142857143,false/0.7142857142857143,false/0.5714285714285714,false/0.5714285714285714,false/0.5714285714285714,false/0.42857142857142855,false/0.42857142857142855,false/0.2857142857142857,false/0.2857142857142857,false/0.14285714285714285,false/0.14285714285714285,false/0.14285714285714285,false/0.14285714285714285,false/0.14285714285714285,false/0.0
1925,false/0.7,false/0.7,false/0.5,false/0.5,false/0.5,false/0.4,false/0.3,false/0.3,false/0.3,true/0.3,true/0.2,false/0.0
1927,true/0.8333333333333334,false/0.6666666666666666,false/0.5,false/0.5,false/0.5,false/0.5,false/0.5,false/0.3333333333333333,true/0.3333333333333333,false/0.3333333333333333,false/0.3333333333333333,false/0.16666666666666666,false/0.16666666666666666,true/0.16666666666666666
1929,false/0.6153846153846154,false/0.6153846153846154,false/0.5384615384615384,true/0.5384615384615384,false/0.46153846153846156,false/0.38461538461538464,false/0.3076923076923077,false/0.3076923076923077,false/0.3076923076923077,false/0.3076923076923077,false/0.23076923076923078,false/0.23076923076923078
1921,false/0.5,false/0.5,false/0.3333333333333333,false/0.3333333333333333,false/0.3333333333333333,false/0.3333333333333333,false/0.16666666666666666,false/0.16666666666666666,false/0.16666666666666666,false/0.16666666666666666,true/0.16666666666666666
1912,false/0.625,false/0.5,true/0.5,true/0.5,true/0.5,true/0.5,true/0.5,true/0.5,false/0.375,true/0.25,true/0.25,true/0.125
1916,false/0.625,false/0.5,true/0.5,true/0.5,true/0.375,true/0.375,false/0.375,false/0.375,false/0.375,false/0.375,true/0.375,false/0.125,false/0.125,false/0.125
1910,true/0.8333333333333334,false/0.6666666666666666,true/0.6666666666666666,true/0.6666666666666666,true/0.6666666666666666,false/0.5,true/0.5,false/0.5,false/0.3333333333333333,false/0.3333333333333333,true/0.16666666666666666,false/0.0,false/0.0
1900,true/0.5555555555555556,true/0.5555555555555556,true/0.5555555555555556,true/0.5555555555555556,true/0.5555555555555556,true/0.5555555555555556,true/0.4444444444444444,false/0.3333333333333333,true/0.3333333333333333,false/0.3333333333333333,false/0.3333333333333333,false/0.2222222222222222,false/0.2222222222222222
1904,false/0.7142857142857143,true/0.7142857142857143,false/0.42857142857142855,false/0.42857142857142855,false/0.42857142857142855,false/0.42857142857142855,false/0.42857142857142855,false/0.2857142857142857,false/0.2857142857142857,false/0.2857142857142857,false/0.2857142857142857,false/0.2857142857142857,false/0.2857142857142857,true/0.2857142857142857,false/0.14285714285714285
1908,false/0.8571428571428571,false/0.7142857142857143,true/0.5714285714285714,true/0.5714285714285714,false/0.5714285714285714,false/0.5714285714285714,false/0.5714285714285714,true/0.5714285714285714,true/0.42857142857142855,false/0.2857142857142857,false/0.2857142857142857,false/0.2857142857142857,false/0.14285714285714285
2093,false/0.7142857142857143,false/0.7142857142857143,false/0.5714285714285714,false/0.42857142857142855,false/0.42857142857142855,true/0.42857142857142855,false/0.2857142857142857,false/0.2857142857142857,false/0.2857142857142857,false/0.14285714285714285,false/0.14285714285714285,false/0.14285714285714285,false/0.0
2098,false/0.5333333333333333,false/0.5333333333333333,false/0.5333333333333333,false/0.4666666666666667,false/0.4,false/0.4,false/0.4,false/0.3333333333333333,true/0.3333333333333333,false/0.26666666666666666,false/0.26666666666666666,false/0.26666666666666666,false/0.2
2090,true/0.5,true/0.5,true/0.5,true/0.4,false/0.3,false/0.3,false/0.3,true/0.2,false/0.2,false/0.2,false/0.2
2092,false/0.6666666666666666,false/0.6666666666666666,false/0.5,false/0.5,true/0.5,false/0.5,true/0.5,true/0.5,true/0.5,false/0.3333333333333333,false/0.16666666666666666,false/0.16666666666666666,false/0.16666666666666666,false/0.16666666666666666
2083,false/0.45454545454545453,false/0.36363636363636365,false/0.36363636363636365,false/0.36363636363636365,false/0.36363636363636365,true/0.36363636363636365,false/0.2727272727272727,false/0.2727272727272727,false/0.2727272727272727,true/0.2727272727272727,false/0.18181818181818182,false/0.09090909090909091,false/0.0
2085,false/0.7142857142857143,false/0.5714285714285714,false/0.5714285714285714,false/0.5714285714285714,false/0.5714285714285714,false/0.42857142857142855,false/0.2857142857142857,false/0.2857142857142857,false/0.2857142857142857,false/0.2857142857142857,false/0.2857142857142857,false/0.14285714285714285
2087,true/0.75,false/0.625,true/0.625,true/0.625,false/0.5,true/0.5,false/0.5,false/0.5,false/0.5,false/0.375,false/0.375,false/0.375,false/0.25,false/0.125
2089,false/0.7,true/0.5,true/0.5,true/0.5,true/0.5,true/0.5,false/0.4,true/0.4,false/0.3,true/0.2,false/0.1,true/0.1,true/0.1,false/0.1,false/0.0
2081,false/0.7272727272727273,false/0.6363636363636364,false/0.5454545454545454,false/0.5454545454545454,false/0.5454545454545454,false/0.45454545454545453,false/0.45454545454545453,false/0.36363636363636365,false/0.36363636363636365,false/0.36363636363636365
2068,false/0.6363636363636364,false/0.5454545454545454,false/0.5454545454545454,false/0.5454545454545454,false/0.45454545454545453,false/0.45454545454545453,false/0.45454545454545453,false/0.36363636363636365,false/0.2727272727272727,false/0.2727272727272727,false/0.2727272727272727,false/0.2727272727272727
2192,false/0.8333333333333334,false/0.5,true/0.5,true/0.5,true/0.5,true/0.5,true/0.5,false/0.3333333333333333,false/0.3333333333333333,false/0.3333333333333333,false/0.0
2193,true/0.6666666666666666,false/0.6666666666666666,true/0.6666666666666666,true/0.6666666666666666,true/0.5555555555555556,true/0.5555555555555556,true/0.5555555555555556,true/0.5555555555555556,true/0.5555555555555556,false/0.1111111111111111,false/0.1111111111111111
2194,false/0.8571428571428571,false/0.5714285714285714,false/0.42857142857142855,false/0.42857142857142855,false/0.42857142857142855,false/0.2857142857142857,false/0.2857142857142857,false/0.2857142857142857,false/0.2857142857142857,false/0.14285714285714285,false/0.14285714285714285,false/0.14285714285714285
2195,true/0.8333333333333334,true/0.8333333333333334,true/0.8333333333333334,true/0.8333333333333334,true/0.6666666666666666,true/0.6666666666666666,false/0.6666666666666666,false/0.6666666666666666,true/0.6666666666666666,false/0.5,true/0.5,false/0.16666666666666666,false/0.16666666666666666
2196,true/0.625,true/0.625,true/0.625,false/0.5,false/0.5,false/0.375,true/0.375,false/0.375,true/0.375,false/0.375,false/0.25,false/0.25,false/0.125
2197,true/0.6,false/0.5333333333333333,false/0.5333333333333333,true/0.5333333333333333,true/0.4666666666666667,true/0.3333333333333333,true/0.3333333333333333,true/0.3333333333333333,false/0.3333333333333333,true/0.3333333333333333,true/0.26666666666666666,false/0.2,false/0.13333333333333333
2198,false/0.7692307692307693,false/0.7692307692307693,true/0.7692307692307693,true/0.7692307692307693,true/0.6923076923076923,false/0.6923076923076923,true/0.6923076923076923,false/0.6923076923076923,false/0.6153846153846154,true/0.6153846153846154,false/0.6153846153846154,true/0.5384615384615384,true/0.5384615384615384,true/0.5384615384615384
2199,false/0.8,false/0.6,false/0.5,false/0.4,false/0.4,false/0.3,false/0.2,false/0.2,false/0.2,false/0.1,false/0.1,false/0.1
2190,true/0.8333333333333334,false/0.6666666666666666,true/0.5,true/0.5,true/0.3333333333333333,true/0.3333333333333333,false/0.3333333333333333,true/0.3333333333333333,false/0.3333333333333333,true/0.3333333333333333,false/0.16666666666666666,true/0.16666666666666666,true/0.16666666666666666
2070,false/0.5555555555555556,false/0.4444444444444444,false/0.4444444444444444,false/0.4444444444444444,false/0.3333333333333333,false/0.3333333333333333,false/0.3333333333333333,false/0.3333333333333333,false/0.3333333333333333,false/0.2222222222222222,false/0.2222222222222222,false/0.2222222222222222,true/0.2222222222222222,false/0.1111111111111111
2178,false/0.5,false/0.5,false/0.5,false/0.3333333333333333,false/0.3333333333333333,false/0.3333333333333333,true/0.3333333333333333,false/0.3333333333333333,false/0.16666666666666666,false/0.16666666666666666,false/0.16666666666666666,false/0.16666666666666666,false/0.16666666666666666,false/0.16666666666666666
2179,false/0.4,false/0.3,false/0.2,false/0.2,false/0.2,false/0.2,false/0.2,false/0.2,false/0.1,true/0.1,true/0.1,true/0.1
2059,false/0.5714285714285714,false/0.5714285714285714,false/0.42857142857142855,false/0.42857142857142855,true/0.42857142857142855,false/0.42857142857142855,false/0.2857142857142857,false/0.2857142857142857,false/0.14285714285714285,false/0.14285714285714285,false/0.14285714285714285,false/0.14285714285714285
2182,false/0.625,false/0.5,true/0.5,false/0.5,true/0.5,true/0.5,true/0.375,true/0.375,false/0.375,true/0.25,false/0.25,false/0.25,false/0.25,true/0.25
2062,false/0.375,false/0.375,false/0.25,false/0.25,true/0.25,false/0.25,false/0.125,false/0.125,false/0.125
2063,false/0.6,false/0.6,false/0.4,false/0.3,false/0.3,false/0.3,false/0.2,false/0.2,false/0.1
2064,true/0.5714285714285714,false/0.42857142857142855,false/0.42857142857142855,false/0.42857142857142855,false/0.42857142857142855,false/0.42857142857142855,true/0.42857142857142855,false/0.2857142857142857,true/0.2857142857142857,false/0.14285714285714285,true/0.14285714285714285,false/0.14285714285714285
2065,false/0.42857142857142855,true/0.42857142857142855,false/0.42857142857142855,false/0.42857142857142855,true/0.42857142857142855,true/0.42857142857142855,true/0.42857142857142855,false/0.2857142857142857,false/0.2857142857142857,false/0.2857142857142857,false/0.14285714285714285,false/0.14285714285714285
2066,true/0.8333333333333334,false/0.6666666666666666,true/0.6666666666666666,false/0.5,true/0.5,true/0.5,true/0.5,false/0.3333333333333333,false/0.3333333333333333,true/0.16666666666666666,false/0.16666666666666666,false/0.16666666666666666,false/0.16666666666666666
2067,false/0.5714285714285714,false/0.5714285714285714,false/0.5714285714285714,false/0.5714285714285714,false/0.42857142857142855,false/0.42857142857142855,false/0.42857142857142855,false/0.42857142857142855,false/0.2857142857142857,false/0.2857142857142857,false/0.2857142857142857,false/0.14285714285714285
2167,false/0.4444444444444444,false/0.4444444444444444,false/0.4444444444444444,false/0.4444444444444444,false/0.4444444444444444,false/0.3333333333333333,false/0.3333333333333333,false/0.2222222222222222,false/0.2222222222222222,false/0.2222222222222222
2168,true/0.5714285714285714,true/0.5714285714285714,false/0.5714285714285714,true/0.42857142857142855,false/0.42857142857142855,false/0.42857142857142855,false/0.2857142857142857,false/0.2857142857142857,false/0.2857142857142857,false/0.2857142857142857,false/0.14285714285714285,false/0.14285714285714285
2169,true/0.5714285714285714,true/0.5714285714285714,false/0.5714285714285714,false/0.5714285714285714,false/0.42857142857142855,false/0.42857142857142855,true/0.42857142857142855,true/0.42857142857142855,true/0.42857142857142855,false/0.2857142857142857,false/0.2857142857142857,false/0.2857142857142857,false/0.14285714285714285,false/0.14285714285714285,false/0.0
2049,false/0.5714285714285714,false/0.5714285714285714,false/0.5714285714285714,false/0.42857142857142855,false/0.42857142857142855,false/0.42857142857142855,false/0.42857142857142855,false/0.42857142857142855,false/0.42857142857142855,false/0.2857142857142857,false/0.14285714285714285,false/0.14285714285714285,false/0.14285714285714285,false/0.14285714285714285
2292,false/0.625,false/0.5,false/0.375,false/0.375,false/0.25,false/0.25,false/0.25,false/0.25,false/0.125,false/0.125,false/0.0
2050,false/0.5,false/0.5,true/0.5,false/0.25,false/0.25,false/0.25,false/0.25,true/0.25,true/0.25,false/0.25,false/0.25,false/0.0
2051,false/0.3333333333333333,false/0.3333333333333333,false/0.26666666666666666,false/0.26666666666666666,false/0.26666666666666666,false/0.26666666666666666,false/0.26666666666666666,false/0.2,false/0.2,false/0.2,false/0.2,false/0.2,false/0.13333333333333333
2173,false/0.6666666666666666,false/0.6666666666666666,false/0.6666666666666666,false/0.5,false/0.5,false/0.5,true/0.5,false/0.5,true/0.3333333333333333
2295,true/0.6666666666666666,false/0.5,false/0.5,true/0.4166666666666667,false/0.4166666666666667,false/0.4166666666666667,false/0.16666666666666666,false/0.08333333333333333,false/0.08333333333333333,false/0.0
2296,false/0.8461538461538461,true/0.7692307692307693,true/0.6923076923076923,false/0.6153846153846154,false/0.6153846153846154,true/0.6153846153846154,false/0.6153846153846154,true/0.6153846153846154,false/0.5384615384615384,false/0.5384615384615384,false/0.38461538461538464,false/0.23076923076923078,false/0.23076923076923078,false/0.15384615384615385
2054,false/0.46153846153846156,true/0.38461538461538464,false/0.3076923076923077,false/0.3076923076923077,true/0.3076923076923077,true/0.3076923076923077,true/0.23076923076923078,false/0.23076923076923078,false/0.23076923076923078,false/0.23076923076923078,false/0.23076923076923078,false/0.23076923076923078,false/0.15384615384615385,false/0.15384615384615385
2176,false/0.8333333333333334,false/0.6666666666666666,false/0.5,false/0.5,false/0.5,false/0.5,false/0.3333333333333333,false/0.3333333333333333,false/0.3333333333333333,false/0.16666666666666666,false/0.16666666666666666,false/0.16666666666666666
2298,false/0.6,false/0.5,false/0.5,false/0.4,false/0.4,false/0.4,false/0.4,false/0.4,false/0.3,false/0.2
2290,false/0.8333333333333334,false/0.6666666666666666,false/0.6666666666666666,false/0.5,false/0.5,false/0.5,false/0.5,false/0.5,false/0.5,true/0.5,false/0.3333333333333333,false/0.3333333333333333,false/0.3333333333333333,false/0.3333333333333333
2156,false/0.7142857142857143,true/0.5714285714285714,false/0.42857142857142855,true/0.42857142857142855,false/0.42857142857142855,true/0.42857142857142855,false/0.42857142857142855,false/0.42857142857142855,false/0.2857142857142857,false/0.2857142857142857,false/0.14285714285714285,false/0.14285714285714285,true/0.0
2278,false/0.6,false/0.5,true/0.5,true/0.5,true/0.5,true/0.4,false/0.3,false/0.3,false/0.1,false/0.1
2036,false/0.8571428571428571,false/0.7142857142857143,false/0.7142857142857143,true/0.7142857142857143,false/0.5714285714285714,false/0.42857142857142855,false/0.42857142857142855,false/0.2857142857142857,false/0.2857142857142857,false/0.2857142857142857,false/0.2857142857142857,false/0.14285714285714285
2037,false/0.42857142857142855,false/0.42857142857142855,false/0.42857142857142855,false/0.42857142857142855,false/0.2857142857142857,false/0.2857142857142857,false/0.2857142857142857,false/0.2857142857142857,false/0.2857142857142857,false/0.2857142857142857,false/0.14285714285714285,false/0.14285714285714285
2038,false/0.3333333333333333,true/0.3333333333333333,false/0.3333333333333333,true/0.3333333333333333,false/0.16666666666666666,false/0.16666666666666666,false/0.16666666666666666,false/0.16666666666666666,true/0.16666666666666666
2280,true/0.6666666666666666,true/0.6666666666666666,true/0.6666666666666666,true/0.6666666666666666,true/0.6666666666666666,false/0.5833333333333334,false/0.5,true/0.5,false/0.5,false/0.5,false/0.4166666666666667,false/0.3333333333333333,false/0.25
2160,true/0.8888888888888888,true/0.8888888888888888,true/0.8888888888888888,true/0.7777777777777778,true/0.7777777777777778,true/0.6666666666666666,false/0.5555555555555556,false/0.5555555555555556,false/0.4444444444444444,false/0.4444444444444444,false/0.2222222222222222,false/0.1111111111111111
2161,false/0.6666666666666666,false/0.5833333333333334,false/0.5833333333333334,false/0.5833333333333334,false/0.5833333333333334,false/0.5,false/0.4166666666666667,false/0.25,false/0.25,false/0.16666666666666666
2283,false/0.6666666666666666,false/0.4444444444444444,false/0.4444444444444444,false/0.4444444444444444,false/0.4444444444444444,false/0.3333333333333333,false/0.3333333333333333,true/0.3333333333333333,false/0.2222222222222222,false/0.2222222222222222,false/0.2222222222222222,false/0.0
2284,false/0.5714285714285714,false/0.42857142857142855,false/0.2857142857142857,false/0.2857142857142857,false/0.2857142857142857,false/0.2857142857142857,true/0.2857142857142857,false/0.2857142857142857,false/0.14285714285714285
2164,false/0.5714285714285714,false/0.42857142857142855,false/0.42857142857142855,false/0.42857142857142855,false/0.2857142857142857,false/0.2857142857142857,false/0.2857142857142857,false/0.2857142857142857,false/0.14285714285714285,false/0.14285714285714285,false/0.14285714285714285
2286,false/0.375,false/0.375,false/0.375,false/0.375,true/0.375,false/0.25,false/0.25,false/0.25,false/0.125,false/0.125
2044,true/0.6666666666666666,true/0.5555555555555556,true/0.5555555555555556,true/0.4444444444444444,true/0.4444444444444444,true/0.4444444444444444,true/0.3333333333333333,false/0.3333333333333333,true/0.3333333333333333,false/0.3333333333333333,false/0.1111111111111111,false/0.1111111111111111,false/0.0,false/0.0
2166,false/0.2857142857142857,false/0.2857142857142857,false/0.2857142857142857,false/0.2857142857142857,false/0.14285714285714285,false/0.14285714285714285,false/0.14285714285714285,false/0.14285714285714285,false/0.0,false/0.0
2387,true/0.5714285714285714,false/0.42857142857142855,true/0.42857142857142855,true/0.42857142857142855,false/0.42857142857142855,false/0.42857142857142855,false/0.42857142857142855,true/0.42857142857142855,true/0.42857142857142855,false/0.42857142857142855,true/0.42857142857142855,true/0.14285714285714285,false/0.14285714285714285,false/0.0
2145,true/0.5,false/0.5,false/0.5,true/0.5,false/0.3333333333333333,false/0.3333333333333333,false/0.16666666666666666
2025,true/0.5714285714285714,false/0.5714285714285714,true/0.5,false/0.42857142857142855,true/0.42857142857142855,false/0.35714285714285715,true/0.35714285714285715,false/0.35714285714285715,false/0.2857142857142857,false/0.2857142857142857,false/0.21428571428571427,false/0.14285714285714285,false/0.14285714285714285,false/0.07142857142857142
2026,false/0.7142857142857143,false/0.7142857142857143,false/0.7142857142857143,false/0.7142857142857143,false/0.5714285714285714,false/0.5714285714285714,false/0.5714285714285714,false/0.5714285714285714,false/0.42857142857142855,true/0.42857142857142855,false/0.42857142857142855,false/0.2857142857142857,false/0.2857142857142857,false/0.2857142857142857,false/0.2857142857142857
2027,false/0.75,true/0.75,false/0.625,false/0.625,true/0.5,false/0.5,false/0.375,false/0.375,false/0.375,false/0.25,false/0.25,false/0.125,false/0.125,false/0.0
2028,false/0.6666666666666666,true/0.6666666666666666,false/0.5555555555555556,true/0.5555555555555556,false/0.4444444444444444,false/0.4444444444444444,false/0.4444444444444444,false/0.3333333333333333,false/0.2222222222222222,false/0.1111111111111111,false/0.0
2390,false/0.4,false/0.26666666666666666,false/0.26666666666666666,false/0.26666666666666666,true/0.2,false/0.2,false/0.13333333333333333,false/0.13333333333333333,false/0.13333333333333333,false/0.13333333333333333,false/0.06666666666666667,false/0.06666666666666667
2270,true/0.6666666666666666,true/0.6666666666666666,true/0.6666666666666666,false/0.5,false/0.5,false/0.5,false/0.5,false/0.5,false/0.3333333333333333,false/0.3333333333333333,false/0.16666666666666666,false/0.16666666666666666
2271,false/0.7142857142857143,false/0.7142857142857143,false/0.7142857142857143,false/0.5714285714285714,true/0.5714285714285714,false/0.42857142857142855,false/0.42857142857142855,true/0.2857142857142857,false/0.2857142857142857,false/0.2857142857142857,false/0.2857142857142857,false/0.14285714285714285,true/0.14285714285714285
2272,false/0.5555555555555556,false/0.5555555555555556,false/0.5555555555555556,true/0.5555555555555556,false/0.5555555555555556,false/0.4444444444444444,true/0.4444444444444444,false/0.3333333333333333,false/0.3333333333333333,false/0.3333333333333333,false/0.3333333333333333,false/0.2222222222222222
2030,false/0.6,false/0.5,false/0.5,false/0.5,true/0.5,false/0.4,true/0.4,false/0.4,false/0.3,false/0.3
2152,false/0.8888888888888888,true/0.7777777777777778,false/0.7777777777777778,true/0.6666666666666666,true/0.6666666666666666,false/0.6666666666666666,false/0.6666666666666666,true/0.5555555555555556,false/0.5555555555555556,true/0.4444444444444444,false/0.4444444444444444,true/0.4444444444444444,false/0.2222222222222222
2153,false/0.5714285714285714,true/0.42857142857142855,false/0.42857142857142855,true/0.42857142857142855,false/0.42857142857142855,true/0.42857142857142855,false/0.2857142857142857,false/0.2857142857142857,false/0.14285714285714285
2275,false/0.7142857142857143,false/0.7142857142857143,false/0.7142857142857143,false/0.5714285714285714,false/0.5714285714285714,false/0.42857142857142855,false/0.42857142857142855,false/0.42857142857142855,false/0.42857142857142855,false/0.42857142857142855,false/0.42857142857142855
2033,true/0.5555555555555556,true/0.5555555555555556,false/0.5555555555555556,true/0.5555555555555556,true/0.5555555555555556,false/0.5555555555555556,false/0.4444444444444444,false/0.4444444444444444,false/0.4444444444444444,false/0.3333333333333333,false/0.3333333333333333,false/0.3333333333333333,false/0.2222222222222222,false/0.1111111111111111
2155,false/0.625,true/0.5,false/0.5,false/0.375,false/0.375,false/0.375,false/0.375,true/0.375,false/0.375,false/0.375,false/0.25,false/0.25,false/0.25,false/0.25,false/0.125
2255,false/0.8,false/0.7,false/0.4,false/0.3,false/0.2,false/0.2,false/0.1,false/0.1,false/0.1
2013,true/0.5555555555555556,true/0.5555555555555556,true/0.5555555555555556,false/0.4444444444444444,false/0.4444444444444444,true/0.4444444444444444,false/0.4444444444444444,false/0.4444444444444444,true/0.4444444444444444,false/0.3333333333333333,false/0.3333333333333333,false/0.1111111111111111
2135,false/0.6666666666666666,false/0.6666666666666666,false/0.5,false/0.5,false/0.5,false/0.3333333333333333,false/0.3333333333333333,false/0.16666666666666666,false/0.16666666666666666,false/0.0
2257,false/0.8888888888888888,true/0.8888888888888888,true/0.8888888888888888,false/0.7777777777777778,true/0.7777777777777778,true/0.7777777777777778,true/0.7777777777777778,false/0.6666666666666666,true/0.6666666666666666,true/0.5555555555555556,false/0.5555555555555556,false/0.4444444444444444,false/0.4444444444444444,false/0.4444444444444444,false/0.3333333333333333
2015,false/0.6666666666666666,false/0.5833333333333334,false/0.5833333333333334,false/0.5833333333333334,false/0.5833333333333334,false/0.5833333333333334,false/0.5,true/0.5,true/0.4166666666666667,false/0.4166666666666667,false/0.25
2016,false/0.625,false/0.625,true/0.5625,true/0.5,true/0.4375,true/0.4375,false/0.3125,false/0.25,false/0.25,false/0.1875,false/0.1875
2017,true/0.8,true/0.8,true/0.8,true/0.7,false/0.4,false/0.4,false/0.3,false/0.3,false/0.3,false/0.3,false/0.2
2018,true/0.6,true/0.5,true/0.5,true/0.5,true/0.5,true/0.5,true/0.4,true/0.3,false/0.2,false/0.1,false/0.0
2380,false/0.7142857142857143,true/0.7142857142857143,false/0.7142857142857143,false/0.6428571428571429,true/0.6428571428571429,false/0.6428571428571429,false/0.5714285714285714,false/0.5714285714285714,false/0.5714285714285714,false/0.5,false/0.5,false/0.2857142857142857
2260,false/0.75,false/0.625,false/0.625,false/0.5,false/0.5,false/0.5,true/0.375,false/0.375,true/0.375,false/0.25,false/0.125,false/0.125
2261,false/0.75,true/0.625,true/0.625,false/0.5,false/0.5,false/0.5,false/0.375,false/0.375,true/0.375,true/0.375,false/0.25,false/0.25,false/0.25,false/0.25,false/0.25
2383,false/0.5,false/0.5,true/0.5,false/0.3333333333333333,false/0.3333333333333333,false/0.3333333333333333,false/0.3333333333333333,false/0.3333333333333333,false/0.16666666666666666,false/0.16666666666666666,false/0.16666666666666666,false/0.16666666666666666,false/0.0
2141,false/0.6363636363636364,true/0.45454545454545453,false/0.45454545454545453,false/0.45454545454545453,true/0.45454545454545453,false/0.45454545454545453,true/0.45454545454545453,false/0.45454545454545453,false/0.36363636363636365,false/0.36363636363636365,false/0.36363636363636365,false/0.2727272727272727,false/0.18181818181818182,false/0.09090909090909091
2384,false/0.8571428571428571,true/0.7142857142857143,false/0.7142857142857143,true/0.7142857142857143,false/0.5714285714285714,false/0.5714285714285714,false/0.5714285714285714,false/0.5714285714285714,false/0.5714285714285714,true/0.5714285714285714,false/0.42857142857142855,false/0.42857142857142855
2142,false/0.6666666666666666,false/0.5555555555555556,false/0.4444444444444444,false/0.4444444444444444,false/0.3333333333333333,false/0.3333333333333333,false/0.3333333333333333,false/0.3333333333333333,false/0.3333333333333333,false/0.3333333333333333,false/0.2222222222222222,false/0.2222222222222222,false/0.1111111111111111
2264,false/0.75,false/0.75,false/0.625,true/0.5,true/0.375,false/0.375,true/0.375,false/0.25,false/0.25,false/0.125,false/0.125,false/0.0
2022,true/0.6,true/0.5,false/0.4,false/0.4,true/0.4,false/0.3,true/0.3,false/0.2,false/0.2,true/0.2
2265,false/0.5714285714285714,false/0.5714285714285714,false/0.5714285714285714,true/0.5714285714285714,false/0.42857142857142855,false/0.42857142857142855,false/0.42857142857142855,false/0.2857142857142857,false/0.2857142857142857,false/0.2857142857142857,false/0.14285714285714285,false/0.14285714285714285,false/0.14285714285714285
2023,true/0.5555555555555556,true/0.4444444444444444,true/0.4444444444444444,false/0.4444444444444444,false/0.4444444444444444,true/0.3333333333333333,true/0.3333333333333333,false/0.3333333333333333,true/0.3333333333333333,false/0.2222222222222222,false/0.2222222222222222,true/0.1111111111111111,true/0.1111111111111111,false/0.1111111111111111
2244,true/0.7142857142857143,false/0.5714285714285714,false/0.5714285714285714,false/0.5714285714285714,false/0.5714285714285714,false/0.5714285714285714,false/0.42857142857142855,false/0.2857142857142857,false/0.2857142857142857,false/0.2857142857142857,false/0.2857142857142857,false/0.0
2245,false/0.45454545454545453,false/0.45454545454545453,false/0.36363636363636365,false/0.2727272727272727,false/0.2727272727272727,false/0.2727272727272727,false/0.2727272727272727,false/0.2727272727272727,false/0.2727272727272727,false/0.2727272727272727,false/0.09090909090909091,false/0.0
2003,false/0.6,false/0.6,false/0.5,false/0.5,false/0.4,false/0.4,false/0.4,true/0.3,false/0.3,true/0.3,false/0.2
2246,true/0.6666666666666666,true/0.5833333333333334,false/0.5,false/0.5,true/0.5,true/0.4166666666666667,false/0.4166666666666667,false/0.4166666666666667,false/0.3333333333333333,false/0.25,false/0.25,false/0.25
2368,false/0.25,false/0.25,false/0.25,false/0.125,false/0.125,false/0.125,false/0.125,false/0.125,false/0.125,false/0.0,false/0.0
2126,false/0.5714285714285714,false/0.5714285714285714,false/0.5714285714285714,false/0.42857142857142855,false/0.42857142857142855,false/0.2857142857142857,false/0.2857142857142857,false/0.2857142857142857,false/0.14285714285714285,false/0.14285714285714285,false/0.14285714285714285,false/0.14285714285714285
2248,false/0.6666666666666666,false/0.5555555555555556,false/0.5555555555555556,false/0.5555555555555556,true/0.5555555555555556,false/0.4444444444444444,false/0.4444444444444444,false/0.4444444444444444,true/0.3333333333333333,false/0.3333333333333333,false/0.3333333333333333,true/0.3333333333333333,true/0.3333333333333333,false/0.2222222222222222
2249,true/0.7777777777777778,true/0.7777777777777778,false/0.7777777777777778,true/0.7777777777777778,false/0.5555555555555556,true/0.5555555555555556,true/0.5555555555555556,true/0.5555555555555556,true/0.4444444444444444,false/0.4444444444444444,true/0.2222222222222222,true/0.1111111111111111
2007,false/0.5454545454545454,true/0.5454545454545454,true/0.5454545454545454,true/0.5454545454545454,true/0.5454545454545454,true/0.45454545454545453,true/0.45454545454545453,false/0.45454545454545453,true/0.2727272727272727,false/0.2727272727272727,false/0.09090909090909091
2009,false/0.6666666666666666,false/0.3333333333333333,false/0.3333333333333333,false/0.3333333333333333,true/0.3333333333333333,false/0.3333333333333333,false/0.16666666666666666,false/0.16666666666666666,false/0.16666666666666666,false/0.16666666666666666,false/0.0
2371,true/0.6666666666666666,true/0.6666666666666666,true/0.6666666666666666,true/0.5555555555555556,false/0.4444444444444444,true/0.4444444444444444,true/0.4444444444444444,false/0.3333333333333333,false/0.3333333333333333,false/0.2222222222222222,false/0.2222222222222222,false/0.1111111111111111,false/0.1111111111111111,false/0.0
2252,false/0.6,false/0.4,false/0.4,true/0.4,false/0.4,false/0.4,false/0.4,false/0.2,false/0.2,false/0.2,false/0.2
2010,true/0.9166666666666666,true/0.8333333333333334,true/0.8333333333333334,true/0.75,true/0.6666666666666666,false/0.5833333333333334,false/0.3333333333333333,false/0.3333333333333333,true/0.25,true/0.25,false/0.25,false/0.08333333333333333
2011,true/0.8571428571428571,false/0.5714285714285714,true/0.5714285714285714,false/0.5714285714285714,false/0.42857142857142855,false/0.42857142857142855,false/0.42857142857142855,false/0.14285714285714285,false/0.14285714285714285,false/0.14285714285714285,false/0.0,false/0.0
2254,true/0.5,false/0.4,false/0.4,false/0.3,false/0.3,false/0.3,false/0.3,false/0.3,false/0.3,false/0.1,false/0.0
2012,false/0.6666666666666666,false/0.5,false/0.3333333333333333,false/0.3333333333333333,false/0.16666666666666666,false/0.16666666666666666,false/0.16666666666666666,false/0.16666666666666666,false/0.16666666666666666,false/0.16666666666666666,false/0.16666666666666666,true/0.16666666666666666,false/0.0
2233,false/0.5714285714285714,true/0.5714285714285714,true/0.5714285714285714,false/0.42857142857142855,false/0.42857142857142855,false/0.42857142857142855,false/0.42857142857142855,false/0.35714285714285715,false/0.35714285714285715,false/0.35714285714285715,false/0.2857142857142857,false/0.14285714285714285,false/0.0
2356,true/0.5714285714285714,false/0.5714285714285714,false/0.42857142857142855,false/0.42857142857142855,false/0.42857142857142855,false/0.42857142857142855,false/0.2857142857142857,false/0.2857142857142857,false/0.2857142857142857,false/0.14285714285714285,false/0.14285714285714285,false/0.14285714285714285,false/0.14285714285714285
2357,true/0.45454545454545453,false/0.45454545454545453,true/0.45454545454545453,true/0.36363636363636365,true/0.2727272727272727,false/0.2727272727272727,false/0.18181818181818182,false/0.18181818181818182,false/0.09090909090909091,false/0.09090909090909091,false/0.0
2115,false/0.6363636363636364,false/0.5454545454545454,false/0.5454545454545454,false/0.45454545454545453,false/0.45454545454545453,false/0.36363636363636365,false/0.36363636363636365,false/0.36363636363636365,false/0.2727272727272727,false/0.2727272727272727,true/0.2727272727272727,false/0.18181818181818182,false/0.18181818181818182,false/0.09090909090909091
2237,false/0.7272727272727273,false/0.7272727272727273,false/0.7272727272727273,true/0.6363636363636364,true/0.6363636363636364,true/0.5454545454545454,false/0.36363636363636365,true/0.36363636363636365,false/0.2727272727272727,false/0.2727272727272727,false/0.2727272727272727,false/0.18181818181818182,false/0.18181818181818182,false/0.18181818181818182,false/0.18181818181818182
2359,true/0.7777777777777778,true/0.7777777777777778,true/0.7777777777777778,true/0.7777777777777778,true/0.7777777777777778,true/0.7777777777777778,false/0.5555555555555556,false/0.3333333333333333,false/0.3333333333333333,false/0.2222222222222222,false/0.2222222222222222,false/0.2222222222222222,false/0.2222222222222222,true/0.1111111111111111
2117,false/0.625,false/0.625,false/0.5,false/0.5,false/0.5,false/0.5,false/0.5,false/0.5,false/0.375,false/0.375,false/0.375,true/0.375,false/0.25,true/0.125
2118,false/0.5,false/0.5,false/0.3,false/0.3,false/0.3,false/0.2,false/0.2,false/0.2,false/0.2
2360,false/0.7777777777777778,false/0.7777777777777778,false/0.5555555555555556,false/0.5555555555555556,false/0.5555555555555556,false/0.5555555555555556,false/0.5555555555555556,false/0.4444444444444444,false/0.3333333333333333,false/0.3333333333333333,false/0.2222222222222222,true/0.1111111111111111
2240,true/0.5294117647058824,true/0.5294117647058824,true/0.5294117647058824,true/0.5294117647058824,false/0.4117647058823529,false/0.4117647058823529,true/0.4117647058823529,false/0.35294117647058826,false/0.11764705882352941,false/0.058823529411764705
2241,false/0.4444444444444444,false/0.4444444444444444,false/0.4444444444444444,true/0.4444444444444444,true/0.3333333333333333,false/0.3333333333333333,false/0.3333333333333333,true/0.3333333333333333,false/0.3333333333333333,false/0.2222222222222222,false/0.2222222222222222,false/0.2222222222222222,false/0.2222222222222222,false/0.2222222222222222
2242,true/0.5,false/0.5,true/0.5,false/0.5,true/0.5,true/0.4,false/0.4,true/0.3,false/0.2,false/0.1,true/0.1
2000,false/0.5,true/0.5,false/0.5,false/0.42857142857142855,true/0.42857142857142855,false/0.42857142857142855,true/0.42857142857142855,true/0.35714285714285715,false/0.2857142857142857,false/0.21428571428571427,false/0.21428571428571427
2122,false/0.7,false/0.5,true/0.4,false/0.4,false/0.3,false/0.3,false/0.3,false/0.3,false/0.3,false/0.2,false/0.2,false/0.0
2109,false/0.6666666666666666,false/0.6666666666666666,false/0.6666666666666666,true/0.6666666666666666,false/0.5,false/0.5,false/0.5,false/0.5,false/0.5,false/0.3333333333333333,false/0.3333333333333333,false/0.16666666666666666
2101,false/0.625,false/0.625,false/0.5,false/0.5,false/0.5,true/0.5,false/0.5,false/0.375,false/0.375,false/0.375,false/0.375,false/0.25,false/0.25,false/0.25
2223,false/0.5714285714285714,false/0.5714285714285714,false/0.42857142857142855,false/0.42857142857142855,false/0.42857142857142855,false/0.42857142857142855,false/0.2857142857142857,false/0.2857142857142857,false/0.2857142857142857,false/0.14285714285714285,false/0.14285714285714285,false/0.0
2103,true/0.45454545454545453,false/0.36363636363636365,false/0.2727272727272727,false/0.2727272727272727,false/0.2727272727272727,false/0.18181818181818182,true/0.18181818181818182,false/0.18181818181818182,false/0.18181818181818182,false/0.18181818181818182,false/0.09090909090909091,false/0.09090909090909091
2104,false/0.6666666666666666,false/0.6666666666666666,false/0.5,false/0.5,true/0.5,false/0.5,false/0.3333333333333333,false/0.3333333333333333,false/0.3333333333333333,false/0.3333333333333333,false/0.16666666666666666,false/0.16666666666666666
2226,false/0.625,true/0.625,false/0.625,true/0.5,true/0.5,false/0.5,false/0.5,false/0.5,true/0.5,false/0.5,true/0.375,false/0.375,false/0.375,true/0.375
2227,true/0.8333333333333334,true/0.5,true/0.5,true/0.5,false/0.5,false/0.5,true/0.5,false/0.3333333333333333,false/0.3333333333333333,false/0.3333333333333333,true/0.3333333333333333,false/0.3333333333333333,false/0.16666666666666666
2228,false/0.7,true/0.7,false/0.7,false/0.6,false/0.6,false/0.5,true/0.5,false/0.3,false/0.3,false/0.3,true/0.3,false/0.3
2350,false/0.7142857142857143,true/0.7142857142857143,false/0.7142857142857143,false/0.5714285714285714,false/0.5714285714285714,true/0.42857142857142855,false/0.42857142857142855,true/0.42857142857142855,false/0.2857142857142857,false/0.2857142857142857,false/0.2857142857142857,false/0.2857142857142857,true/0.2857142857142857,false/0.14285714285714285
2230,true/0.6428571428571429,true/0.6428571428571429,true/0.5714285714285714,true/0.5,false/0.5,true/0.5,true/0.5,true/0.42857142857142855,false/0.42857142857142855,true/0.35714285714285715,false/0.35714285714285715,false/0.35714285714285715,false/0.35714285714285715,false/0.2857142857142857,true/0.2857142857142857
2231,true/0.6666666666666666,true/0.5833333333333334,true/0.5833333333333334,true/0.5,false/0.5,true/0.5,true/0.5,false/0.4166666666666667,false/0.4166666666666667,false/0.4166666666666667,false/0.3333333333333333,false/0.3333333333333333,false/0.16666666666666666
2353,false/0.5454545454545454,false/0.45454545454545453,false/0.45454545454545453,true/0.45454545454545453,false/0.2727272727272727,false/0.2727272727272727,false/0.2727272727272727,true/0.2727272727272727,true/0.2727272727272727,false/0.18181818181818182,false/0.18181818181818182,false/0.18181818181818182,false/0.18181818181818182
2111,false/0.8181818181818182,false/0.6363636363636364,false/0.6363636363636364,false/0.6363636363636364,false/0.6363636363636364,false/0.6363636363636364,true/0.5454545454545454,false/0.36363636363636365,false/0.36363636363636365,false/0.2727272727272727,false/0.0
2211,false/0.5384615384615384,false/0.46153846153846156,false/0.38461538461538464,false/0.38461538461538464,false/0.38461538461538464,false/0.38461538461538464,false/0.3076923076923077,false/0.23076923076923078,false/0.23076923076923078,false/0.15384615384615385,false/0.15384615384615385,true/0.07692307692307693
2212,false/0.42857142857142855,false/0.2857142857142857,false/0.2857142857142857,false/0.2857142857142857,false/0.2857142857142857,false/0.2857142857142857,false/0.2857142857142857,false/0.2857142857142857,false/0.14285714285714285,false/0.0,false/0.0
2213,false/0.5,false/0.3333333333333333,false/0.3333333333333333,false/0.3333333333333333,false/0.16666666666666666,false/0.16666666666666666,false/0.16666666666666666,false/0.16666666666666666
2214,false/0.5,false/0.4166666666666667,false/0.4166666666666667,false/0.4166666666666667,false/0.4166666666666667,false/0.3333333333333333,false/0.25,false/0.25,false/0.08333333333333333,false/0.0,false/0.0
2215,true/0.5454545454545454,true/0.45454545454545453,false/0.36363636363636365,true/0.36363636363636365,false/0.36363636363636365,false/0.36363636363636365,false/0.2727272727272727,false/0.2727272727272727,false/0.18181818181818182,false/0.18181818181818182,false/0.09090909090909091,false/0.09090909090909091,false/0.0
2216,false/0.6666666666666666,false/0.5,false/0.5,false/0.5,false/0.5,false/0.5,false/0.5,false/0.3333333333333333,false/0.3333333333333333,false/0.3333333333333333,true/0.3333333333333333,false/0.3333333333333333,false/0.16666666666666666
2217,false/0.42857142857142855,false/0.42857142857142855,false/0.42857142857142855,false/0.42857142857142855,false/0.42857142857142855,false/0.42857142857142855,true/0.42857142857142855,false/0.2857142857142857,false/0.2857142857142857,false/0.2857142857142857,false/0.2857142857142857,false/0.14285714285714285,true/0.0
2218,false/0.5714285714285714,false/0.5714285714285714,true/0.5714285714285714,false/0.42857142857142855,false/0.42857142857142855,true/0.42857142857142855,false/0.42857142857142855,false/0.42857142857142855,false/0.42857142857142855,false/0.2857142857142857,false/0.14285714285714285,true/0.14285714285714285,false/0.0,false/0.0
2341,false/0.5,false/0.5,false/0.5,false/0.5,true/0.3333333333333333,false/0.3333333333333333,false/0.3333333333333333,false/0.3333333333333333,false/0.3333333333333333,false/0.3333333333333333,false/0.16666666666666666,false/0.16666666666666666,false/0.0
2342,false/0.625,false/0.625,true/0.625,false/0.5,false/0.5,false/0.5,false/0.5,false/0.375,false/0.375,false/0.25,false/0.25,false/0.25
2329,false/0.7,false/0.4,false/0.4,true/0.4,false/0.4,false/0.3,false/0.3,false/0.3,false/0.3,false/0.2
2200,false/0.6666666666666666,false/0.6666666666666666,false/0.5,false/0.5,false/0.3333333333333333,false/0.3333333333333333,false/0.3333333333333333,false/0.3333333333333333,false/0.3333333333333333,false/0.3333333333333333,false/0.16666666666666666,false/0.16666666666666666
2202,false/0.45454545454545453,false/0.36363636363636365,false/0.36363636363636365,false/0.18181818181818182,false/0.18181818181818182,false/0.09090909090909091,false/0.09090909090909091,false/0.09090909090909091,false/0.09090909090909091
2204,false/0.6153846153846154,false/0.6153846153846154,false/0.6153846153846154,false/0.23076923076923078,false/0.23076923076923078,false/0.23076923076923078,false/0.23076923076923078,false/0.15384615384615385,false/0.07692307692307693,false/0.07692307692307693,false/0.07692307692307693
2205,false/0.5714285714285714,true/0.42857142857142855,false/0.42857142857142855,false/0.2857142857142857,false/0.2857142857142857,false/0.2857142857142857,true/0.2857142857142857,false/0.14285714285714285,false/0.14285714285714285,false/0.14285714285714285
2328,false/0.75,false/0.5,false/0.5,false/0.5,false/0.375,false/0.375,true/0.375,true/0.375,false/0.25,false/0.125,false/0.125,false/0.125,false/0.125
2331,false/0.5555555555555556,false/0.5555555555555556,false/0.5555555555555556,false/0.5555555555555556,false/0.4444444444444444,false/0.4444444444444444,false/0.4444444444444444,true/0.4444444444444444,false/0.4444444444444444,false/0.4444444444444444,false/0.3333333333333333,false/0.3333333333333333,false/0.3333333333333333,true/0.2222222222222222,false/0.1111111111111111
2318,false/0.6,false/0.6,false/0.4,false/0.4,false/0.4,false/0.4,false/0.2,false/0.2,false/0.2,false/0.2,false/0.2,true/0.2,false/0.0
2310,true/0.5454545454545454,false/0.5454545454545454,false/0.5454545454545454,false/0.5454545454545454,false/0.5454545454545454,false/0.45454545454545453,false/0.45454545454545453,true/0.45454545454545453,false/0.36363636363636365,false/0.36363636363636365,false/0.36363636363636365,true/0.36363636363636365,false/0.2727272727272727,false/0.2727272727272727,false/0.2727272727272727
2312,false/0.6666666666666666,false/0.6666666666666666,false/0.5555555555555556,true/0.5555555555555556,false/0.5555555555555556,false/0.3333333333333333,false/0.2222222222222222,false/0.2222222222222222,true/0.2222222222222222,false/0.2222222222222222,false/0.2222222222222222
2315,true/0.5,true/0.375,true/0.375,true/0.375,true/0.375,true/0.375,false/0.125,false/0.125,false/0.0,false/0.0
2317,false/0.6666666666666666,false/0.6666666666666666,false/0.5,false/0.5,false/0.3333333333333333,false/0.3333333333333333,false/0.3333333333333333,false/0.3333333333333333,false/0.3333333333333333,true/0.3333333333333333,false/0.16666666666666666,false/0.16666666666666666,false/0.16666666666666666,false/0.16666666666666666
2307,false/0.6666666666666666,false/0.6666666666666666,true/0.5555555555555556,true/0.5555555555555556,false/0.5555555555555556,true/0.4444444444444444,false/0.4444444444444444,true/0.4444444444444444,false/0.3333333333333333,true/0.3333333333333333,false/0.2222222222222222,false/0.1111111111111111,false/0.0
2300,true/0.625,false/0.625,false/0.5,true/0.5,true/0.5,true/0.375,false/0.375,true/0.375,false/0.25,false/0.125,false/0.125,false/0.0
2302,false/0.625,false/0.5,false/0.375,false/0.375,true/0.375,true/0.375,false/0.25,false/0.25,false/0.25,false/0.25,true/0.25
2305,false/0.8333333333333334,false/0.6666666666666666,false/0.5,false/0.5,false/0.5,false/0.5,false/0.16666666666666666,true/0.16666666666666666,false/0.16666666666666666,false/0.0,false/0.0,false/0.0
