<?xml version="1.0" encoding="UTF-8"?>
<analysisEngineDescription xmlns="http://uima.apache.org/resourceSpecifier">
  <frameworkImplementation>org.apache.uima.java</frameworkImplementation>
  <primitive>true</primitive>  <annotatorImplementationName>annotators.PassageAnnotator</annotatorImplementationName>
  <analysisEngineMetaData>
    <name>PassageAnnotator</name>
    <description>Identify and annotate passages from the input text</description>
    <version>1.0</version>
    <vendor/>
    <configurationParameters/>
    <configurationParameterSettings/>
    <typeSystemDescription>
      <imports>
        <import location="../typeSystem.xml"/>
      </imports>
    </typeSystemDescription>
    <typePriorities/>
    <fsIndexCollection/>
    <capabilities>
      <capability>
        <inputs/>
        <outputs>
          <type allAnnotatorFeatures="true">type.Passage</type>
        </outputs>
        <languagesSupported/>
      </capability>
    </capabilities>
  <operationalProperties>
      <modifiesCas>true</modifiesCas>
      <multipleDeploymentAllowed>true</multipleDeploymentAllowed>
      <outputsNewCASes>false</outputsNewCASes>
    </operationalProperties>
  </analysisEngineMetaData>
  <resourceManagerConfiguration/>
</analysisEngineDescription>
